-- phpMyAdmin SQL Dump
-- version 5.0.2
-- https://www.phpmyadmin.net/
--
-- Hôte : 127.0.0.1:3306
-- Généré le : mar. 26 jan. 2021 à 10:21
-- Version du serveur :  5.7.31
-- Version de PHP : 7.4.9

SET SQL_MODE = "NO_AUTO_VALUE_ON_ZERO";
START TRANSACTION;
SET time_zone = "+00:00";


/*!40101 SET @OLD_CHARACTER_SET_CLIENT=@@CHARACTER_SET_CLIENT */;
/*!40101 SET @OLD_CHARACTER_SET_RESULTS=@@CHARACTER_SET_RESULTS */;
/*!40101 SET @OLD_COLLATION_CONNECTION=@@COLLATION_CONNECTION */;
/*!40101 SET NAMES utf8mb4 */;

--
-- Base de données : `abyss`
--

-- --------------------------------------------------------

--
-- Structure de la table `actor_film`
--

DROP TABLE IF EXISTS `actor_film`;
CREATE TABLE IF NOT EXISTS `actor_film` (
  `id` int(11) NOT NULL AUTO_INCREMENT,
  `id_film` int(11) NOT NULL,
  `id_artist` int(11) NOT NULL,
  PRIMARY KEY (`id`)
) ENGINE=MyISAM AUTO_INCREMENT=78 DEFAULT CHARSET=utf8mb4 COLLATE=utf8mb4_unicode_ci;

--
-- Déchargement des données de la table `actor_film`
--

INSERT INTO `actor_film` (`id`, `id_film`, `id_artist`) VALUES
(1, 1, 1),
(2, 1, 2),
(4, 1, 3),
(5, 2, 4),
(6, 2, 5),
(7, 2, 6),
(8, 3, 10),
(9, 3, 11),
(10, 3, 12),
(11, 4, 14),
(12, 4, 15),
(13, 4, 16),
(14, 5, 19),
(15, 5, 20),
(16, 6, 23),
(17, 6, 24),
(18, 6, 25),
(19, 7, 27),
(20, 7, 28),
(21, 7, 29),
(22, 8, 31),
(23, 8, 32),
(24, 8, 33),
(25, 9, 35),
(26, 9, 36),
(27, 9, 37),
(28, 10, 39),
(29, 10, 40),
(30, 10, 41),
(31, 12, 45),
(32, 12, 46),
(33, 12, 47),
(34, 13, 48),
(35, 13, 49),
(36, 14, 52),
(37, 14, 53),
(38, 14, 54),
(39, 16, 57),
(40, 16, 58),
(41, 16, 59),
(42, 16, 60),
(43, 17, 61),
(44, 17, 62),
(45, 18, 64),
(46, 18, 65),
(47, 18, 66),
(48, 19, 68),
(49, 19, 69),
(50, 19, 70),
(51, 20, 72),
(52, 20, 73),
(53, 20, 74),
(54, 20, 75);

-- --------------------------------------------------------

--
-- Structure de la table `artists`
--

DROP TABLE IF EXISTS `artists`;
CREATE TABLE IF NOT EXISTS `artists` (
  `id` int(11) NOT NULL AUTO_INCREMENT,
  `firstname` varchar(250) COLLATE utf8mb4_unicode_ci NOT NULL,
  `lastname` varchar(250) COLLATE utf8mb4_unicode_ci NOT NULL,
  `birthday` date NOT NULL,
  `biography` text COLLATE utf8mb4_unicode_ci NOT NULL,
  `id_role` int(11) NOT NULL,
  `img` varchar(255) COLLATE utf8mb4_unicode_ci NOT NULL,
  PRIMARY KEY (`id`)
) ENGINE=MyISAM AUTO_INCREMENT=76 DEFAULT CHARSET=utf8mb4 COLLATE=utf8mb4_unicode_ci;

--
-- Déchargement des données de la table `artists`
--

INSERT INTO `artists` (`id`, `firstname`, `lastname`, `birthday`, `biography`, `id_role`, `img`) VALUES
(1, 'Douglas', 'Kirk', '1916-12-09', 'Kirk Douglasa [kɜː(ɹ)k ˈdʌɡləs]b, né Issur Danielovitch Demsky le 9 décembre 1916 à Amsterdam dans l\'État de New York et mort le 5 février 2020 à Beverly Hills en Californie, est un acteur, producteur, réalisateur et écrivain américain. Il est le père de l\'acteur et producteur Michael Douglas.\r\n\r\nFigure majeure du cinéma américain, Kirk Douglas est un des acteurs les plus populaires au monde dans les années 1950 et 1960. Nombre de ses films deviennent des classiques, et il excelle dans tous les genres : la comédie (Au fil de l\'épée en 1959), l\'aventure (Vingt Mille Lieues sous les mers en 1954, Les Vikings en 1958), le western (Règlement de comptes à O.K. Corral en 1957), le péplum (Spartacus en 1960), les films de guerre (Les Sentiers de la gloire en 1957, Sept jours en mai en 1964, Les Héros de Télémark en 1965) et le drame (La Vie passionnée de Vincent van Gogh en 1956, Seuls sont les indomptés en 1962). Sur le plan physique, l\'acteur est notamment reconnaissable à sa fossette très visible au menton2.\r\n\r\nDouglas tourne avec de nombreux réalisateurs réputés comme Brian De Palma, Stanley Kubrick, Vincente Minnelli, John Huston, Howard Hawks, Otto Preminger, Joseph L. Mankiewicz, Elia Kazan, Billy Wilder et King Vidor.\r\n\r\nPlusieurs films dans lesquels il joue abordent des thèmes sensibles, comme celui des cours martiales lors de la Première Guerre mondiale avec Les Sentiers de la gloire, qui est interdit à sa sortie dans beaucoup de pays européens. Dans le genre du western avec La Captive aux yeux clairs (1952), La Rivière de nos amours (1955) et Le Dernier Train de Gun Hill (1959), il tourne des films qui réhabilitent la figure de l\'Amérindien et dénoncent le racisme. Connu pour son engagement démocrate, il est un producteur courageux à une époque où le cinéma américain est en proie au maccarthysme, notamment en engageant Dalton Trumbo, le scénariste figurant sur la « liste noire de Hollywood ».\r\n\r\nAmbitieux, séducteurc, mégalomaned, il est l\'un des acteurs américains qui ont le plus marqué la mémoire du public. Sa grande popularité ne s\'est jamais démentie et il a fait partie des dernières légendes vivantes de l\'Âge d\'or de Hollywood avec Olivia de Havilland. En 1999, l\'American Film Institute le classe 17e plus grande star masculine du cinéma américain de tous les temps. En France, les films dans lesquels il est apparu au cours de sa carrière ont réalisé plus de soixante millions d\'entrées au box-office3.\r\n\r\nRetiré du cinéma en 2008, il s\'occupa de sa fondation pour les enfants défavorisés, la « Douglas Foundation » et poursuivit son travail d\'écriture, après avoir publié ses mémoires de 1988 à 20064.', 0, 'Kirk_Douglas.jpg'),
(2, 'Mason', 'James', '1909-05-15', 'Après des études d\'architecture à Cambridge, James Mason se dirige vers le théâtre. Il rejoint dès 1931 la Old Vic Company, une troupe sous la direction de sir Tyrone Guthrie. Sa première tentative au cinéma est un échec quand, en 1934, il est renvoyé du plateau de tournage d\'un film réalisé par Alexander Korda. C\'est lors d\'un cocktail qu\'il rencontre Albert Parker, réalisateur américain qui devient plus tard un grand ami. Dès 1935, leur première collaboration, Late Extra, remporte un vif succès auprès du public britannique. De 1935 à 1947, Mason parvient à démontrer son véritable talent d\'acteur dans des films tels que L\'Homme en gris, L\'Homme fatal ou encore Le Septième Voile.\r\n\r\nMason devient une star du florissant cinéma britannique : il tourne des adaptations d\'Edgar Wallace, George Eliot, la Baronne Orczy, A. J. Cronin, et même d\'Edmond Rostand et Marcel Achard, se frotte au gotha des acteurs de son pays — Laurence Olivier, Vivien Leigh, Deborah Kerr, Michael Redgrave... À la télévision, il s\'affronte à Ralph Richardson et interprète Molière et W. Somerset Maugham. Il impose son romantisme souvent inquiétant en séducteur face à Valerie Hobson, Virginia Cherrill, Margaret Lockwood, Phyllis Calvert et Ann Todd, reines des écrans britanniques...', 0, 'Mason_James.jpg'),
(3, 'Lukas', 'Paul', '1894-05-26', 'Né Pál Lukács à Budapest2, il fait ses études à l’Académie royale du Théâtre et des Arts de Budapest3, et fait ses débuts au théâtre de Kassa dans l\'Est du pays. À la suite d\'un début de carrière prometteur en Hongrie, Allemagne et Autriche2 où il travailla avec Max Reinhardt4, il vint à Hollywood en 1927 appelé par Adolph Zukor3,4. Au début, il jouait d\'élégants et charmants coureurs de jupons4, mais au fur et à mesure il fut cantonné aux mauvais rôles, incarnant plusieurs fois des nazis4,5. Parallèlement à sa carrière théâtrale, de décembre 1936 à mai 1938, il triomphe à Broadway avec Ruth Gordon dans la pièce Une maison de poupée de Henrik Ibsen3,6. En 1933, il fut naturalisé citoyen américain des États-Unis2. Il travailla ardemment dans les années 1930, faisant des apparitions dans des films tels que le mélodrame Rockabye, le policier Grumpy, avec Alfred Hitchcock dans Une femme disparaît, la comédie Quatre femmes à la recherche du bonheur, et le drame Dodsworth. Il suivit William Powell et Basil Rathbone en jouant dans une série policière, Philo Vance, incarnant un New Yorkais cosmopolite, puis en 1935 dans The Casino Murder Case ; mais son rôle majeur fut en 1943 dans Quand le jour viendra, lorsqu\'il reprit le rôle qu\'il avait déjà joué au théâtre4,5 d\'homme luttant contre les Nazis (il avait déjà joué un rôle semblable en 1941 à Broadway). Il obtint l\'oscar du meilleur acteur pour ce rôle, malgré la redoutable concurrence, avec Humphrey Bogart pour Casablanca, Gary Cooper pour Pour qui sonne le glas, Walter Pidgeon pour Madame Curie, et Mickey Rooney pour Et la vie continue. La même année, il fut invité à faire une apparition en tant que star comme personnage éponyme de l\'épisode Mr. Markham, Antique Dealer dans la série Suspense.\r\n\r\nDe nos jours, Paul Lukas est plus connu pour avoir joué le professeur Aronnax dans le film Vingt Mille Lieues sous les mers de 1954, produit par Walt Disney. Cependant, à partir de ce moment, il fut, à l\'âge de 63 ans, touché par une maladie causant des troubles de mémoires, ce qui le conduit apparemment à invectiver violemment l\'équipe. Son ami hongrois Peter Lorre ne fut pas même épargné.\r\n\r\n\r\nDans Angoisse.\r\nDans les années 1940 Lukas fut un membre de la charte de la Motion Picture Alliance for the Preservation of American Ideals, un groupe conservateur s\'opposant fermement à l\'éventuelle influence communiste dans Hollywood6. Pour la fin de sa carrière, il quitta Hollywood pour travailler dans la télévision. Son seul rôle chantant (bien qu\'on l\'entende chanter un air de Tchaïkovski2 en 1933 dans Les Quatre Filles du docteur March, montrant sa voix agréable) fut celui de Cosmo Constantine en 1950 pour Call me Madam, de Irving Berlin, faisant opposition à Ethel Merman.\r\n\r\nIl meurt d\'une crise cardiaque3 le 15 août 1971 à Tanger, au Maroc, tandis qu\'il cherchait un lieu où finir sa vie6. Lukas a une étoile sur la Walk of Fame au 6841 Hollywood Boulevard.', 0, 'Lukas_Paul.jpg'),
(4, 'Moore', 'Mandy', '1984-04-10', 'Mandy Moore est la fille de Stacy, une présentatrice de nouvelles, et de Donald \"Don\" Moore, un pilote d\'American Airlines1. Son père est de descendance irlandaise et cherokee, tandis que sa mère est d\'origine anglaise18. Elle a deux frères, Scott et Kyte19. La famille Moore quitte son lieu de résidence de Longwood en Floride peu après la naissance de Mandy pour s\'installer à Orlando, à cause du travail de son père à American Airlines20. Elle a reçu une éducation catholique, bien qu\'elle ne pratique plus aujourd\'hui, et elle a fréquenté les écoles Bishop Moore High Scool (une école catholique d\'Orlando) et la Lake Brantley High Scool, à Altamonte Springs, en Floride21.\r\n\r\nElle a commencé à s\'intéresser à la musique après avoir visionné le spectacle musical Oklahoma!19. Elle a également été encouragée par sa grand-mère maternelle, qui était son inspiration22.\r\n\r\nUn jour alors qu\'elle travaillait à la Orlando studios, Mandy Moore devient amie avec un livreur, qui travaille dans le département A&R de chez Epic Records23. Mandy décide donc de lui transmettre une démo et finit par signer son premier contrat chez Epic Records, une division de Sony Music24...', 0, 'Moore_Mandy.jpg'),
(5, 'Holt', 'Claire', '1988-09-11', 'Claire Holt fait ses débuts d\'actrice en décrochant l\'un des rôles principaux de la série australienne H2O dans le rôle de Emma Gilbert. La série raconte l\'histoire de trois adolescentes australiennes, aux personnalités différentes, qui se transforment en sirènes dix secondes après être rentré en contact avec l\'eau. A ses côtés on retrouve l\'actrice Phoebe Tonkin, sa future partenaire dans The Originals.\r\n\r\nNéanmoins, elle décide de quitter la série au bout de deux saisons, notamment pour jouer dans le film Les Messagers 2 : les origines du mal.\r\n\r\nEn 2011, elle tourne dans le téléfilm Lolita malgré moi 2. Il s\'agit d\'une suite du film de 2004, Lolita malgré moi qui met en vedette Meaghan Martin, Jennifer Stone, Maiara Walsh et Nicole Anderson. La même année, elle participe à un arc narratif de plusieurs épisodes de la série américaine Pretty Little Liars dans le rôle de Samara Cook, entre la saison 1 et la saison 2...', 0, 'Claire_Holt.jpg'),
(6, 'Modine', 'Matthew', '1959-03-22', 'Matthew Modine est le plus jeune d\'une fratrie de sept enfants. Bien qu\'il soit né à Loma Linda, en Californie, il est éduqué en Utah où il a grandi. Son père, Mark, était le directeur d\'un cinéma en plein air, un drive-in.\r\n\r\nÀ l\'âge de dix ans, il voit un documentaire décrivant la réalisation du film Oliver!. Inspiré par les acteurs et par leur façon de jouer, il décide de devenir lui-même un acteur. Il crée une école de danse à Provo en Utah et commence à prendre des leçons de claquettes. Il intègre par la suite le Junior high school Glee Club quand sa famille déménage à Midvale dans l\'Utah.\r\n\r\nIl fréquente le lycée catholique des pères maristes pendant deux ans et demi (son surnom était « Matt the Rat »[réf. nécessaire]). Diplômé du lycée Mar Vista à Imperial Beach, en Californie, il s\'installe à New York afin d\'étudier, pour devenir acteur et travailler avec la célèbre professeur Stella Adler.', 0, 'Matthew_Modine.jpg'),
(7, 'Roberts', 'Johannes', '1976-05-24', 'Johannes Roberts a écrit et réalisé le thriller F (parfois nommé The Expelled). Le film, produit par Studiocanal au Royaume-Uni, est acclamé par la critique dont le critique de cinéma Kim Newman qui le qualifie de « Palpitant, paranoïaque, et carrément inquiétant, un thriller à capuche semant une frayeur dont John Carpenter serait fier » en lui mettant quatre étoiles dans sa chronique pour le magazine Empire.\r\n\r\nEn 2011, Johannes réalise le téléfilm Roadkill pour NBCUniversal, diffusé en primetime à la télévision américaine, avec l\'acteur Stephen Rea.\r\n\r\nEn 2012, il réalise le film de science-fiction-horreur Storage 24 pour Universal Pictures, écrit et interprété par le lauréat des Bafta, l\'acteur Noel Clarke. Le film reçoit des critiques de moyennes à négatives avec une note de 42% par le site des Rotten Tomatoes1. Cependant, certains critiques ont salué la production, dont le Guardian lui donnant quatre étoiles pour sa valeur en tant que divertissement et le magazine Empire le qualifiant de « film d\'horreur-science-fiction britannique de qualité supérieure avec de grandes scènes de frayeurs et un excellent travail de conception de créatures ». Storage 24 a pointé au 13e rang du box-office au Royaume-Uni, a été récompensé pour son travail au niveau des effets spéciaux et a été choisi dans la sélection officielle au festival international du film de Catalogne. Le film est sorti en salles dans le monde entier. Il est l\'un des dix plus grands succès en Turquie et à Hong Kong. Magnolia Pictures a sorti le film en Amérique.\r\n\r\nEn 2019, il est annoncé comme scénariste et réalisateur d\'un reboot de la série de films Resident Evil. Son Resident Evil devrait sortir en 2021.', 1, 'Roberts_Johannes.jpg'),
(8, 'Fleischer', 'Richard', '1916-12-08', 'Il est le fils de l\'un des pionniers de l\'animation, Max Fleischer, le producteur de Popeye et de Betty Boop.\r\n\r\nIl tente d\'abord de devenir acteur, mais il est engagé comme monteur de films d\'actualités pour la RKO Pictures ; il réalise ensuite des courts métrages, puis des films de série B, et enfin des films à gros budget avec des grandes vedettes, passant en cours de route à la Fox et à la MGM.\r\n\r\nEn 1953, Fleischer est engagé par Walt Disney Pictures pour résoudre la complexité technique du tournage de Vingt Mille Lieues sous les mers (1954) en raison de son travail sur le format CinemaScope avec le film Arena (1953)1. Avant d’accepter, Fleischer demanda à son père la permission de travailler pour Disney. En effet, Max Fleischer avait toute sa vie travaillé pour des studios étant les concurrents de Disney. Max Fleischer donna à Richard son consentement et chargea son fils de dire de sa part à Disney qu’ils avaient très bon goût en matière de réalisateurs. Bien qu\'il semble que techniquement le film ait rencontré plus de difficultés avec le tournage sous-marin, le format CinemaScope a été utilisé pour les scènes de mouvements du sous-marin Nautilus afin de renforcer l\'effet dynamique1. Ayant réussi avec Vingt Mille Lieues sous les mers, Fleischer aurait encouragé le studio à utiliser le format CinemaScope sur les longs métrages d\'animation ; La Belle et le Clochard (1955) alors en production a bénéficié d\'une sortie dans ce format1.\r\n\r\nAu cours de sa carrière, Fleischer a touché à plusieurs genres : film noir (Bodyguard dont le scénario est coécrit par un Robert Altman alors débutant, L\'Assassin sans visage, L\'Énigme du Chicago Express), péplum (Barabbas), comédie (L\'Extravagant Docteur Dolittle), western (Duel dans la boue). Il a également réalisé les films de guerre : Le Temps de la colère sur la guerre de Corée, et Tora ! Tora ! Tora ! sur l\'attaque de Pearl Harbor, qui devait initialement être mis en scène par Akira Kurosawa. Il s\'est aussi illustré dans la science-fiction. Outre Vingt mille lieues sous les mers, Fleischer signe Le Voyage fantastique, puis Soleil vert d\'après Harry Harrison. Ce dernier film, dont le ton est assez pessimiste, remporte un grand succès à sa sortie et est aujourd\'hui considéré comme un classique du cinéma d\'anticipation...', 1, 'Fleischer_Richard.jpg'),
(9, 'Cameron', 'James', '1954-08-16', 'James Francis Cameron [ d͡ʒeɪmz ˈfɹænsɪs ˈkæmɹən]1, né le 16 août 1954 à Kapuskasing (Canada) est un réalisateur, scénariste, producteur et explorateur de fonds marins canadien qui habite aux États-Unis. Il a réalisé et écrit les films, Terminator (1984), Aliens, le retour (1986), Abyss (1989), Terminator 2 : Le Jugement dernier (1991), True Lies (1994), Titanic (1997) et Avatar (2009).\r\n\r\nEn 1997, il bat un record avec Titanic, film consacré au naufrage de 1912. Le film est resté pendant onze ans le plus gros succès du box-office mondial et reçoit en 1998 l\'Oscar du meilleur film et Cameron remporte la même année l\'Oscar du meilleur réalisateur. Le film remporte également neuf autres Oscars. Le budget du film est de quelque 200 millions de dollars.\r\n\r\nIl bat son propre record en 2009, avec Avatar, film de science-fiction, dont le budget est estimé à près de 400 millions de dollars. Le film bat également Titanic, en tant que plus grand succès du box-office mondial en 2010, et dégage en tout 2,78 milliards de dollars de recettes. Cameron, en tant que producteur et réalisateur de ce film, empoche environ 260 millions de dollars. Devant ce succès phénoménal, Cameron annonce rapidement qu’une trilogie est déjà prévue2.\r\n\r\nIl possède sa propre société de production : Lightstorm Entertainment.\r\n\r\nUne étoile porte son nom sur l\'Allée des célébrités canadiennes depuis 2008 ainsi que sur le Walk of Fame (Hollywood) depuis 2009...', 1, 'Cameron_James.jpg'),
(10, 'Harris', 'Ed', '1950-11-28', 'À l\'université d\'Oklahoma en 1971, il fait la connaissance d\'un enseignant, le professeur Robert Greenwood, qui l\'initiera aussi bien à la comédie et au chant qu\'à la danse. Il rejoint la troupe théâtrale de la fac : il y jouera avec brio le roi Arthur. Le soir de la première il trouve sa voie : quand il entre sur scène, il ne joue plus le rôle, il l\'habite. Ed Harris dira plus tard qu\'il ne se rappelle pas l\'avoir joué. Il part pour Los Angeles où il suit des cours au California Institute of the Arts : il en sortira, après deux ans, diplômé (avec un BFAD, Bachelor of Fine Arts Degree) en 1975. Trois ans plus tard, en 1978, il est figurant dans Morts suspectes de Michael Crichton.\r\n\r\nDans les années 1980, il se fait connaître de plus en plus, tout spécialement lorsqu\'il fait, en 1983 ses débuts à Broadway dans la pièce de Sam Shepard, Fool of Love pour laquelle il reçoit un Obie Award. Peu de temps après on lui propose de jouer pour le cinéma et de tourner en Floride, ce qu\'il accepte. Un jeune acteur débutant reprendra son rôle au théâtre, Bruce Willis. À aucun moment cependant il n\'abandonnera le théâtre et y reviendra souvent : en 1986 il remporte pour son rôle dans Precious Son le Theater World Award.\r\n\r\nAprès quelques apparitions dans des séries télévisées, il joue le rôle de l\'astronaute John Glenn dans L\'Étoffe des héros (1983). Il reprendra ce même type de rôle, 12 ans plus tard dans Apollo 13, lorsqu\'il incarne Gene Kranz, directeur de vol de la mission. Il jouera encore une troisième fois un rôle dans la thématique de la conquête spatiale en faisant la voix-off de Houston dans le film Gravity (2013). Il obtient le rôle principal dans Abyss (1989 ), qui malgré sa très bonne performance, est un échec commercial. Puis il cumulera les seconds rôles, souvent de méchants : La Firme (1993), Nixon (1995), Stalingrad (2001) dans lequel il joue le Major König, sniper allemand, ou Benjamin Gates et le livre des secrets (2008). Souvent remarqué dans des rôles de militaire ou de shérif, il demeure néanmoins inclassable, capable de jouer les Marines terroristes dans The Rock (1996), un enquêteur manipulé dans Les Pleins Pouvoirs (1997), ou encore un agent secret trouble dans Un homme d\'exception. Il s\'illustre également dans le rôle du créateur du Truman Show ou comme artiste rongé par le sida dans The Hours (2002). Il joue avec brio le rôle d\'un évadé, échappé d\'un goulag, dans Les Chemins de la liberté (2011). Il a prêté sa voix à Jason Hudson, un agent de la CIA dans le jeu vidéo Call of Duty: Black Ops.\r\n\r\nAppaloosa, d\'après le roman de Robert B. Parker, est, après Pollock, le deuxième film de Harris en tant que réalisateur, acteur, producteur et même scénariste (pour Pollock il n\'était pas scénariste) : il est présenté en Première au Festival de Deauville en 2008. En 2018, il sera présent au casting de Top Gun 2. Ed Harris a acquis la réputation d\'être l\'un des acteurs les plus talentueux de notre époque...', 0, 'Harris_Ed.jpg'),
(11, 'Mastrantonio', 'Mary Elizabeth', '1958-11-17', 'Née dans une famille d\'origine italienne, Mary Elizabeth Mastrantonio est la fille de Mary D. Pagone et de Frank A. Mastrantonio. Elle a fait ses études à l\'université de l\'Illinois.\r\n\r\nSon premier rôle à l\'écran est celui de Gina Montana, la sœur de Tony Montana, incarné par Al Pacino, en 1983 dans Scarface.\r\n\r\nElle atteint une célébrité internationale avec sa nomination aux Oscar et au Golden Globe pour son interprétation dans La Couleur de l\'argent (1986) face à Paul Newman et à Tom Cruise.\r\n\r\nParmi ses grands rôles des années 1980, il y a lieu de citer Slam Dance (1987), face à Tom Hulce, et Calendrier meurtrier (1989) aux côtés de Kevin Kline1,2. En 1989, elle tient le premier rôle féminin du film de science-fiction de James Cameron Abyss face à Ed Harris.\r\n\r\nElle confirme son succès dans les années 90 à commencer par son rôle de Lady Marianne dans Robin des Bois : Prince des voleurs aux côtés de Kevin Costner, Morgan Freeman et Alan Rickman qu\'elle retrouve quatre ans après Calendrier meurtrier. Elle enchaîne avec le thriller juridique Affaire non classée avec Gene Hackman et partage de nouveau l\'affiche avec Kevin Kline pour le film Jeux d\'adultes avec aussi Kevin Spacey et Rebecca Miller. L\'année suivante, elle est au générique de Sables mortels avec Willem Dafoe et Mickey Rourke. La romance Trois Vœux aux côtés de Patrick Swayze et le drame Instant de bonheur, où elle retrouve Al Pacino, viennent compléter sa filmographie.\r\n\r\nEn 2000, elle est au sein du beau casting d\'En pleine tempête qui compte aussi les noms de George Clooney, Mark Wahlberg et Diane Lane.\r\n\r\nDepuis 2005, sa carrière s\'est essentiellement tournée vers la télévision.', 0, 'Mary_Elizabeth_Mastrantonio.jpg'),
(12, 'Biehn', 'Michael', '1956-07-31', 'Michael Biehn débute dans des films et téléfilms comme celui de Grease (1978), où il prête ses traits au footballeur qui se fait frapper au ventre par Danny Zuko — interprété par John Travolta. Il n’y est pas crédité. En 1981, il apparaît dans le rôle de Douglas Breen, un traqueur furtif, dans Fanatique (The Fan) d\'Edward Bianchi, aux côtés de Lauren Bacall.\r\n\r\nEn 1984, il devient Kyle Reese, un soldat envoyé dans le passé par John Connor dans le but de sauver sa mère Sarah Connor, dans le film de science-fiction Terminator (The Terminator) de James Cameron, aux côtés d’Arnold Schwarzenegger et de Linda Hamilton. Avec le même réalisateur, il tient la vedette en tant que caporal Dwayne Hicks dans Aliens, le retour (Aliens) en 1986 et en tant que lieutenant Hiram Coffey dans Abyss (The Abyss) en 1989. Il reprend son rôle de Kyle Reese en 1991 dans une scène de Terminator 2 : Le Jugement dernier (Terminator 2: Judgment Day), d\'abord coupée au montage, puis restaurée dans la version longue.\r\n\r\nDans les années 1990, dans un avant-projet d\'Alien 3 (1992) écrit par William Gibson, le personnage de Dwayne Hicks (ayant pourtant survécu aux créatures dans Aliens, le retour) doit être le protagoniste du film, remplaçant Ellen Ripley — interprétée par Sigourney Weaver5. Cependant, Walter Hill et David Giler écrivent le scénario officiel, dans lequel Dwayne Hicks est tué au début de l’histoire. Michael Biehn, dès qu’il apprend la disparition de son personnage, exige et reçoit presque autant de salaire pour sa présence dans une seule scène que pour le rôle tenu dans Aliens6 : il prête la voix du personnage Dwayne Hicks dans les jeux vidéo Aliens: Colonial Marines (2013).\r\n\r\nAu début des années 1990, il tient la tête d’affiche de plusieurs films d’action : Navy Seals : Les Meilleurs, Timebomb et K2, l\'ultime défi. Malheureusement, ces films seront des flops au box-office.\r\n\r\nEn 1993, il interprète le rôle de Johnny Ringo dans Tombstone de George P. Cosmatos avec Val Kilmer.\r\n\r\nPuis il joue des personnages secondaires dans Jade de William Friedkin, Rock de Michael Bay, Susan a un plan de John Landis et L\'Art de la guerre avec Wesley Snipes.\r\n\r\nEn 2007, il incarne le rôle du Shérif Hague dans Planète Terreur de Robert Rodriguez.\r\n\r\nEn 2010, il écrit et réalise son premier long métrage The Blood Bond, ainsi que The Victim sorti l’année suivante.', 0, 'Biehn_Michael.jpg'),
(13, 'Wan', 'James', '1977-02-26', 'James Wan est connu en particulier pour avoir réalisé et co-écrit avec Leigh Whannell Saw sorti en 2004 : mélange entre un thriller et film d\'horreur. Par la suite, il ne réalise ni co-écrit Saw 2 mais devient à partir de là producteur exécutif sur la saga et ce jusqu\'à Saw 3D: The Final Chapter (Saw 7); lui et Leigh Whannell ne reviendront qu\'une seule autre fois ensemble à l\'écriture, pour Saw 3.\r\n\r\nEn 2007, il réalise le film Dead Silence puis le vigilante movie, Death Sentence avec Kevin Bacon.\r\n\r\nWan a également réalisé une bande-annonce du jeu vidéo d\'horreur de survie Dead Space (2008).\r\n\r\nEn 2011, il retourne au film d\'horreur avec Insidious. En 2013, il continue dans l\'épouvante avec le blockbuster Conjuring : Les Dossiers Warren puis dirige la suite d\'Insidious, Insidious : Chapitre 2.\r\n\r\nIl est ensuite choisi pour réaliser Fast and Furious 7, sorti en 2015,qui est devenu un énorme succès au box-office 3. En 2014, il produit Annabelle, film dérivé de Conjuring : Les Dossiers Warren avant de réaliser la suite de ce dernier : Conjuring 2 : Le Cas Enfield, film sorti en 2016.\r\n\r\nPuis en 2018, il réalise le film de super-héros Aquaman dans le cadre des adaptations de l\'univers DC Comics. James Wan a franchi la barre du milliard de dollars au box-office et est désormais le plus gros succès de DC Comics au cinéma de tous les temps. Avec ce record, Aquaman coiffe au poteau The Dark Knight Rises de Christopher Nolan, qui détenait depuis 2012 le titre du plus gros succès de DC au cinéma.', 1, 'Wan_James.jpg'),
(14, 'Momoa', 'Jason', '1979-08-01', 'Joseph Jason Namakaeha Momoa, est né le 1er août 1979 à Honolulu, dans l’État de Hawaï, aux États-Unis, il est le fils de Coni Lemke Momoa, une photographe, et de Joseph Momoa, un artiste peintre. D\'origines hawaïennes de par son père, il possède des origines allemandes, irlandaises et amérindiennes de par sa mère.\r\n\r\nIl a grandi à Norwalk, dans l\'Iowa, avec sa mère avant de retourner, en 1998, dans son île natale. Encore collégien[réf. à confirmer], il termine sa scolarité et se lance dans une carrière de mannequin', 0, 'Momoa_Jason.jpg'),
(15, 'Heard', 'Amber', '1986-04-22', 'Amber Heard naît le 22 avril 1986 et grandit à Austin au Texas. Son père, David, est entrepreneur et sa mère, Paige, est enquêtrice sur Internet pour l\'État. Elle a une sœur de deux ans sa cadette nommée Whitney.\r\n\r\nElle poursuit sa scolarité jusqu\'à la junior year, équivalent de la première en France, à St. Michael\'s Catholic Academy, un lycée d\'Austin. L\'adolescente est active dans la section théâtre de son école et apparaît dans des publicités locales. À seize ans, sa meilleure amie décède dans un accident de voiture ; à la suite de cet événement, Amber Heard, qui a été élevée dans la religion catholique, s\'est déclarée athée1.\r\n\r\nAprès l\'abandon de ses études, elle se lance à dix-sept ans dans le mannequinat à New York mais, déçue par le métier, elle s\'installe à Los Angeles pour commencer une carrière d\'actrice.', 0, 'Heard_Amber.jpg'),
(16, 'Dafoe', 'Willem', '1955-07-22', 'En 1980, il obtient son premier rôle au cinéma dans le film La Porte du paradis de Michael Cimino. Il joue par la suite dans Les Prédateurs de Tony Scott, puis dans Police fédérale Los Angeles de William Friedkin.\r\n\r\nEn 1986, entre autres rôles, il incarne le sergent Elias dans Platoon d\'Oliver Stone, rôle grâce auquel il est nommé pour l\'Oscar du meilleur acteur dans un second rôle en 1987.\r\n\r\nEn 2001, il est nommé à l\'Oscar du meilleur second rôle pour son interprétation de Max Schreck dans le film L\'Ombre du vampire. Puis interprète le rôle de John Carpenter dans le biopic Auto focus, consacré à Bob Crane. Dès 2002, il reprend ses rôles de personnages mauvais en interprétant Norman Osborn, alias le Bouffon vert dans Spider-Man de Sam Raimi. Rôle qu\'il reprendra pour les deuxième (2004) et troisième (2007) volets toujours sous la direction de Sam Raimi.\r\n\r\nEn 2007, il est membre du jury des longs métrages lors du 57e Festival de Berlin, présidé par Paul Schrader.\r\n\r\nEn 2012, il joue dans le vidéo-clip Cut the world du groupe Antony and the Johnsons.\r\n\r\nEn 2014, il fait partie du jury des longs métrages 67e Festival de Cannes, présidé par la réalisatrice néo-zélandaise Jane Campion. Il joue aussi dans le film Nos étoiles contraires dans lequel il incarne Peter Van Houten.\r\n\r\nEn 2017, il incarne le gérant d\'un motel dans The Florida Project de Sean Baker. Sa performance est acclamée et lui vaut de nombreuses nominations pour les récompenses cinématographiques distinguant le meilleur acteur dans un second rôle4,5,6.\r\n\r\nEn 2018, il intègre la distribution du long métrage en prise de vues réelle, Balto7. La même année, il joue le rôle du peintre Vincent Van Gogh dans le film At Eternity\'s Gate de Julian Schnabel. Sa prestation lui vaudra la Coupe Volpi de la meilleure interprétation masculine à la Mostra de Venise.', 0, 'Willem_Dafoe.jpg'),
(17, 'Kidman', 'Nicole', '1967-06-20', 'actrice et productrice de cinéma australo-américaine, née le 20 juin 1967 à Honolulu.\r\n\r\nConsidérée comme l\'une des plus grandes actrices de sa génération, elle est reconnue pour l\'intensité dramatique de ses compositions, sa capacité à s\'effacer derrière ses personnages et l\'audace de ses choix, alternant entre films populaires et cinéma indépendant. Elle a ainsi remporté de multiples récompenses, parmi lesquelles un Oscar, cinq Golden Globes, deux Emmy Awards, un BAFTA, un Ours d\'argent, le Prix anniversaire du Festival de Cannes pour l\'ensemble de son œuvre, et possède une étoile sur le Hollywood Walk of Fame.\r\n\r\nAu cours de sa carrière, elle interprète de nombreux rôles marquants, notamment dans Prête à tout (1995) de Gus Van Sant, film qui la révèle au grand public et où elle tient le rôle d\'une jeune journaliste obsédée par la célébrité. Ses compositions mémorables incluent le rôle d\'une femme dont le mariage est en difficulté dans le sulfureux dernier film de Stanley Kubrick, Eyes Wide Shut (1999), son interprétation d\'une danseuse de cabaret dans le film musical de Baz Luhrmann, Moulin Rouge (2001), pour lequel elle reçoit sa première nomination à l\'Oscar, ou encore sa performance inquiétante dans le thriller d\'Alejandro Amenábar, Les Autres (2001). Son incarnation de Virginia Woolf dans The Hours en 2002 lui vaut l\'Oscar, le Golden Globe, le BAFTA et l\'Ours d\'argent de la meilleure actrice.\r\n\r\nElle a tourné avec, entre autres, Gus Van Sant, Stanley Kubrick, Baz Luhrmann, Stephen Daldry, Jane Campion, Anthony Minghella, Tony Scott, Ron Howard, Noah Baumbach, Sydney Pollack, Sofia Coppola, Jonathan Glazer, John Cameron Mitchell ou encore Joel Schumacher. Elle collabora également avec des cinéastes étrangers comme le danois Lars von Trier, l\'hispano-chilien Alejandro Amenábar, le sud-coréen Park Chan-wook, le français Olivier Dahan, l\'allemand Werner Herzog ou encore le grec Yórgos Lánthimos.\r\n\r\nDevenue l’une des actrices les plus célèbres et les mieux payées d’Hollywood, Nicole Kidman est dirigée par les plus grands réalisateurs et s’essaie à différents genres, passant du drame historique d\'Anthony Minghella, Retour à Cold Mountain (2003), au drame expérimental de Lars von Trier, Dogville (2003), du film fantastique À la croisée des mondes : La Boussole d\'or (2007) à la fresque de Baz Luhrmann, Australia (2008), du drame intimiste Rabbit Hole (2010) au thriller sulfureux de Lee Daniels, Paperboy (2012). Son interprétation d\'une femme victime de violences conjugales dans la série Big Little Lies (2017) lui vaut deux Emmy Awards et le Golden Globe de la meilleure actrice dans une mini-série ou un téléfilm.\r\n\r\nDepuis plusieurs années, Nicole Kidman met sa notoriété au service de la défense des droits des femmes et des enfants. Elle est devenue ambassadrice de bonne volonté pour l\'Unicef en 1994 et pour l\'UNIFEM en 2006.\r\n\r\nDivorcée de l\'acteur Tom Cruise, elle se remarie avec le chanteur country Keith Urban.', 0, 'Nicole_Kidman.jpg'),
(18, 'Turteltaub', 'Jon', '1963-08-08', 'Jonathan Charles Turteltaubest né le 8 août 1963 à New York d’un des deux enfants de l’écrivain de comédie Saul Turteltaub, connu pour son travail avec Sanford and Son et son épouse, Shirley Steinberg. Ses parents sont tous deux juifs.\r\n\r\nJon Turteltaub est diplômé de la Wesleyan University et de l\'USC School of Cinematic Arts1.\r\n\r\nIl a réalisé plusieurs films grand public pour les studios Walt Disney Pictures, notamment : Ninja Kids (1992), Rasta Rockett (1993), L\'Amour à tout prix (1995), Phénomène (1996), Instinct (1999), Sale Môme (2000), Benjamin Gates et le Trésor des Templiers (2004) ainsi que sa suite de 2007, et L\'apprenti sorcier (2010)2,3.\r\n\r\nJon Turteltaub a par ailleurs produit la série télévisée de CBS Jericho et en a également dirigé les trois premiers épisodes.', 1, 'Turteltaub_Jon.jpg'),
(19, 'Statham', 'Jason', '1967-07-26', 'Jason Statham est un acteur et ancien mannequin britannique né le 26 juillet 19672,4 à Shirebrook en Angleterre. Il est surtout renommé pour son rôle de Frank Martin dans les trois premiers films de la saga d\'action Le Transporteur, ainsi que pour ses collaborations avec Guy Ritchie (Snatch) ou encore Sylvester Stallone (dans la série de films Expendables).', 0, 'Statham_Jason.jpg'),
(20, 'Bingbing', 'Li', '1973-02-27', 'Li Bingbing (chinois traditionnel : 李冰冰) est une actrice et chanteuse chinoise, née le 27 février 1973 à Harbin (province de Heilongjiang). Fondatrice d\'une association militant pour un mode de vie écologiquement responsable, elle s\'est engagée dans une grande campagne pour la forêt. Depuis 1998, la Chine a interdit totalement l\'abattage des forêts[réf. nécessaire].\r\n\r\nElle a remporté le Prix des Cent Fleurs et le Huabiao Film Award (deux des plus prestigieuses distinctions de Chine) de la meilleure actrice pour sa prestation dans le film The Knot (Yún shǔi yáo).', 0, 'Li_Bingbing.jpg'),
(21, 'Rose', 'Ruby', '1986-03-20', 'Ruby Rose Langenheim dite Ruby Rose, née le 20 mars 1986 à Melbourne, est un mannequin australien, animatrice de télévision, actrice, DJ, VJ et réalisatrice.\r\n\r\nElle débute en tant que mannequin dans les années 2000 puis se fait remarquer en tant que présentatrice pour la chaîne MTV. Elle devient ensuite, entre autres, le visage de la marque Maybelline, en Australie, puis elle défile et pose pour de prestigieuses marques. Elle coprésente également diverses émissions de télévision.\r\n\r\nDurant la décennie suivante, elle entame une carrière d\'actrice, en jouant un petit rôle dans le drame Around the Block (2013). En 2014, elle produit et réalise un court métrage intitulé Break Free qui rencontre le succès. Entre 2015 et 2016, elle se familiarise avec le métier d\'actrice, en jouant dans la troisième et quatrième saison de la série plébiscitée Orange Is the New Black. Elle se concentre alors ensuite sur le cinéma et elle se retrouve à l\'affiche de films d\'action tels que Resident Evil : Chapitre final (2016), XXX: Reactivated (2017), John Wick 2 (2017) mais aussi la comédie Pitch Perfect 3 (2017) et elle s\'aventure dans la science fiction horrifique pour En eaux troubles (2018).\r\n\r\nElle devient la première actrice à incarner à la télévision le personnage de Kate Kane/Batwoman, dans l\'univers sériel partagé de l\'Arrowverse, entre 2018 et 2020.', 0, 'Ruby_Rose.jpg'),
(22, 'Bergeron', 'Eric', '1965-07-14', 'Éric « Bibo » Bergeron est un réalisateur et scénariste français, né à Paris. Il a fait son apprentissage du film d\'animation à l\'école des Gobelins, à Paris, en 1984-1985', 1, 'Éric_Bergeron.jpg'),
(23, 'Smith', 'Will', '1968-09-25', 'Willard Smith, alias Will Smith (prononcé en anglais : /wɪl smɪθ/1), est un acteur, chanteur et producteur de cinéma américain, né le 25 septembre 1968 à Philadelphie2 en Pennsylvanie.\r\n\r\nIl est l\'un des rares artistes à avoir connu le succès dans trois différents médias de divertissement aux États-Unis et dans le monde : cinéma, télévision et musique. Il est devenu rapidement célèbre en tenant le rôle-titre de la série télévisée Le Prince de Bel-Air au début des années 1990, puis en s\'imposant au cinéma avec quelques blockbusters à succès comme Bad Boys (1995), Independence Day (1996), Men in Black (1997) puis Ennemi d\'État (1998).\r\n\r\nÀ la suite du flop de Wild Wild West (1999), il accepte de tourner dans deux suites : Men in Black 2 (2002) et Bad Boys 2 (2003), mais s\'essaie également à un cinéma plus dramatique : le mélodrame La Légende de Bagger Vance (2001) de Robert Redford puis Ali (2001) de Michael Mann, qui lui vaut une nomination à l\'Oscar du meilleur acteur en 2002.\r\n\r\nIl privilégie ensuite des projets plus commerciaux : la comédie Hitch, expert en séduction (2005), les blockbusters de science-fiction I, Robot (2004), Je suis une légende (2007) et Hancock (2008). Il porte aussi deux mélodrames réalisés par Gabriele Muccino : À la recherche du bonheur (2006), qui lui vaut sa seconde nomination à l\'Oscar du meilleur acteur, puis Sept vies (2008).\r\n\r\nIl est alors l\'un des acteurs les mieux payés d\'Hollywood avec 80 millions de dollars gagnés entre le 1er juin 2007 et le 1er juin 20083,4 et le seul acteur à avoir tourné dans huit films classés premiers au box-office américain dès leur premier week-end de diffusion5.\r\n\r\nLes années 2010 sont cependant plus difficiles : après le succès Men in Black 3 (2012), ses nouveaux blockbusters : After Earth (2013), Un amour d\'hiver (2014), Diversion (2015), Suicide Squad (2016) et Bright (2017) - comme ses projets plus intimistes - Seul contre tous (2015) et Beauté cachée (2016) - sont très mal reçus par la critique6.\r\n\r\nEn 2019, Aladdin, l’adaptation en prise de vues réelle du film homonyme de 1992, dans lequel il incarne le Génie, devient le plus gros succès au box-office de sa carrière7. En 2020, il reprend son rôle dans Bad Boys for Life.', 0, 'Smith_Will.jpg'),
(24, 'De Niro', 'Robert', '1943-08-17', 'Robert Anthony De Niro (prononcé en anglais : /ˈɹɑbəɹt də ˈnɪəɹoʊ/1) est un acteur, réalisateur et producteur de cinéma américain naturalisé italien, né le 17 août 1943 à New York dans l\'arrondissement de Manhattan.\r\n\r\nIl commence sa carrière dans les années 1960 en collaborant avec des réalisateurs de renom, tels Brian De Palma et Martin Scorsese. De Niro compte une riche filmographie incluant de grands succès internationaux, notamment Mean Streets (1973), Le Parrain 2 (1974), Taxi Driver (1976), 1900 (1976), Voyage au bout de l\'enfer (1978), Raging Bull (1980), La Valse des pantins (1983), Il était une fois en Amérique (1984), Brazil (1985), Mission (1986), Angel Heart (1987), Les Incorruptibles (1987), Midnight Run (1988), Les Affranchis (1990), L\'Éveil (1990), Les Nerfs à vif (1991), La Liste noire (1991), Backdraft (1991), Hollywood Mistress (1992), Il était une fois le Bronx (1993), Blessures secrètes (1993), Frankenstein (1994), Heat (1995), Casino (1995), Sleepers (1996), Le Fan (1996), Simples Secrets (1996), Jackie Brown (1997), Des hommes d\'influence (1997), Copland (1997), Ronin (1998), Mafia Blues (1999), The Score (2001), Limetless (2011), Happiness Therapy (2012), Joker (2019) et The Irishman (2019), avec certains films devenus « culte ».\r\n\r\nDepuis le début de sa carrière, il a tourné avec, entre autres, Martin Scorsese, Brian de Palma, Michael Cimino, Francis Ford Coppola, Elia Kazan, John Frankenheimer, Terry Gilliam, Tony Scott, Ron Howard, Quentin Tarantino, Michael Mann, Barry Levinson, Roger Corman, David O. Russell ou encore les italiens Sergio Leone et Bernardo Bertolucci, les britanniques Alan Parker et Kenneth Branagh ainsi que les français Marcel Carné, Agnès Varda et Luc Besson. Prochainement, il tournera avec deux autres réalisateurs prestigieux : James Gray et Ridley Scott.\r\n\r\nDe Niro remporte de nombreuses récompenses au cours de sa carrière, notamment l\'Oscar du meilleur acteur pour son rôle de Jake LaMotta dans un drame biographique, Raging Bull (1981), ainsi que deux Golden Globes. En 2016, Barack Obama lui remet la Médaille présidentielle de la liberté. Depuis 1992, il participe occasionnellement au Saturday Night Live, jouant récemment le procureur Robert Mueller. D\'origine italienne par son père, il devient citoyen italien en 2006.', 0, 'De_Niro_Robert.jpg'),
(25, 'Zellweger', 'Renée', '1969-04-25', 'Renée Zellweger est une actrice et productrice américaine née le 25 avril 1969 à Katy au Texas.\r\n\r\nAprès plusieurs seconds rôles au cinéma au début des années 1990, elle se fait connaître du grand public en incarnant la partenaire de Tom Cruise dans le film Jerry Maguire de Cameron Crowe, son premier succès au box-office.\r\n\r\nLes années 2000 la confirment comme une actrice reconnue. Elle interprète à trois reprises le personnage de Bridget Jones dans la trilogie (2001-2016) du même nom adaptée des romans d\'Helen Fielding. L\'actrice reçoit en outre trois nominations aux Oscars avant d\'en remporter un en 2004 pour son rôle de Ruby dans le mélodrame Retour à Cold Mountain d\'Anthony Minghella, dans la catégorie de la meilleure actrice dans un second rôle.\r\n\r\nElle est également la récipiendaire de quatre Golden Globes, quatre Screen Actors Guild Awards et deux Bafta Awards.\r\n\r\nDurant les années 2010, elle se fait plus discrète et s\'éloigne des plateaux de cinéma, avant d\'endosser une nouvelle fois son personnage de Bridget Jones, pour les besoins du film Bridget Jones Baby de Sharon Maguire. En 2019, elle prête ses traits à ceux de Judy Garland dans le biopic Judy de Rupert Goold, prestation pour laquelle elle reçoit de nombreuses récompenses dont l\'Oscar de la meilleure actrice', 0, 'Zellweger_Renée.jpg'),
(26, 'Lee', 'Ang', '1954-10-23', 'Ang Lee (chinois : 李安, pinyin : Lǐ Ān) est un réalisateur, producteur et scénariste taïwanais, né le 23 octobre 1954 à Pingtung (Taïwan). Il travaille aujourd\'hui pour l\'essentiel aux États-Unis.\r\n\r\nAng Lee est connu pour la diversité des genres qu\'il aborde et sa capacité à changer de style. Ses réalisations comptent notamment des films à grand spectacle, des fresques historiques et des œuvres intimistes. Son travail est largement reconnu par la profession en Europe, en Asie et en Amérique. Le cinéaste est lauréat de trois Oscars à Hollywood : deux du meilleur réalisateur (en 2006 et 2013) et un pour le meilleur film étranger (en 2001), deux Lions d\'or à Venise (en 2005 et 2007) et deux Ours d\'or à Berlin (en 1993 et 1996).', 1, 'Lee_Ang.jpg'),
(27, 'Sharma', 'Suraj', '1993-03-21', 'Suraj Sharma est un acteur indien né le 21 mars 1993 à New Delhi. Il a fait ses débuts en 2012 avec le rôle principal du film L\'Odyssée de Pi d\'Ang Lee.', 0, 'Sharma_Suraj.jpg'),
(28, 'Khan', 'Irfan', '1967-01-07', 'Irfan Khan (hindi : इरफ़ान ख़ान ; ourdou : عرفان خان) - aussi écrit Irrfan Khan - est un acteur indien de cinéma, de télévision et de théâtre, il est né le 7 janvier 1967 à Jaipur en Inde et mort le 29 avril 2020 à Bombay1.\r\n\r\nIl commence sa carrière pour des productions cinématographiques indiennes mais il est rapidement remarqué dans la production britannique The Warrior (2001) puis dans Un nom pour un autre (2006), et dans Un cœur invaincu (2007). Avec un rôle notable dans le film oscarisé Slumdog Millionaire en 2008, il obtient une reconnaissance internationale et tourne désormais aussi à Hollywood des films à succès comme L\'Odyssée de Pi (2012) ou Jurassic World (2015).', 0, 'Khan_Irfan.jpg'),
(29, 'Tabassum (Tabu)', 'Hashmi', '1971-11-04', 'Tabu (hindi : तब्बू), née Tabassum Fatima Hashmi le 4 novembre 1971 à Hyderabad (Inde), est une actrice indienne.\r\n\r\nTabu a surtout tourné dans des films hindi, néanmoins elle a également joué dans des films telugu, tamoul, malayalam, bengali et américains. Elle est considérée comme une des meilleures actrices du cinéma indien actuel et a été primée à de nombreuses reprises, recevant deux National Film Awards de la meilleure actrice et quatre Filmfare Award de la meilleure actrice décerné par la critique. Si elle apparaît parfois dans des succès du box office, elle est surtout reconnue pour sa participation à des films d\'auteur ou à petit budget.', 0, 'Tabassum_Hashmi.jpg'),
(30, 'Del Toro', 'Guillermo', '1964-10-09', 'Né à Guadalajara, Guillermo del Toro est élevé par sa grand-mère catholique. À l\'âge de 8 ans, il emprunte la caméra Super 8 de son père et réalise ses premiers courts-métrages mettant en scène ses jouets de La Planète des Singes et divers objets qui lui tombent sous la main3. Il étudie à l\'Instituto de Ciencias avant de devenir l\'élève de Dick Smith, créateur des maquillages de Little Big Man et L\'Exorciste notamment. Il travaille comme maquilleur et spécialiste en effets spéciaux pendant environ dix ans, et crée au début des années 1980 sa propre société, baptisée Necropia4. Il produit son premier film en 1985, à l\'âge de 21 ans, et cofonde le festival international du film de Guadalajara, dont la première édition a lieu en 1986. À cette époque, il écrit et réalise également plusieurs épisodes pour La hora marcada, une série télévisée se présentant comme une anthologie dans la veine de La Quatrième Dimension et diffusée sur la télévision mexicaine. C\'est à cette occasion qu\'il rencontre ses confrères Alfonso Cuarón et Emmanuel Lubezki5.\r\n\r\nEn 1993, il sort son premier long-métrage comme réalisateur, Cronos, un film d\'horreur avec Ron Perlman qui remporte de nombreux prix, notamment au Festival de Cannes 1993 et aux Premio Ariel (équivalents des César du cinéma au Mexique)4. Il fonde sa propre société de production : le Tequila Gang.\r\n\r\nEn 1997, son père, Federico, est enlevé au Mexique puis libéré contre une rançon, ce qui incite le cinéaste à s\'expatrier6...', 1, 'Del_Toro_Guillermo.jpg'),
(31, 'Hawkins', 'Sally', '1976-04-26', 'Sally Hawkins est une actrice britannique, née le 27 avril 1976 à Dulwich, dans le Grand Londres.\r\n\r\nElle accède à la consécration pour son rôle de la fantasque institutrice Poppy dans la comédie Be Happy (2008) qui lui a valu de nombreuses récompenses dont le Golden Globe de la meilleure actrice dans une comédie ou film musical, ainsi que l\'Ours d\'argent de la meilleure actrice lors de la Berlinale 2008.\r\n\r\nElle enchaîne avec des rôles variés comme dans We Want Sex Equality en 2010, Blue Jasmine en 2013 et La Forme de l\'eau en 2017.\r\n\r\nCes deux derniers films lui ont d\'ailleurs valu une nomination chacun à l\'Oscar de la meilleure actrice dans un second rôle pour le premier et à l\'Oscar de la meilleure actrice pour le second.', 0, 'Hawkins_Sally.jpg'),
(32, 'Jones', 'Doug', '1960-05-24', 'Doug Jones, né le 24 mai 1960 à Indianapolis, dans l\'Etat de l\'Indiana, aux (États-Unis), est un acteur, contorsionniste et mime américain.\r\n\r\nIl est surtout connu pour ses rôles dans Hellboy, Le Labyrinthe de Pan et La Forme de l\'eau.', 0, 'Jones_Doug.jpg'),
(33, 'Shannon', 'Michael', '1974-08-07', 'Michael Shannon est un acteur américain, né le 7 août 1974 à Lexington (Kentucky1).\r\n\r\nIl est nommé par deux fois aux Oscars dans la catégorie meilleur acteur dans un second rôle : en 2009 pour Les Noces rebelles et en 2017 pour son rôle de Bobby Andes, détective atteint d\'un cancer, dans Nocturnal Animals de Tom Ford.\r\n\r\nIl est notamment reconnu pour son rôle de Richard Strickland dans La Forme de l\'eau de Guillermo Del Toro, principal antagoniste d\'Elisa et de Curtis LaForche dans Take Shelter.\r\n\r\nShannon est d\'ailleurs un grand collaborateur de Jeff Nichols apparaissant ainsi dans tous ses films : Shotgun Stories (2007), Take Shelter (2011), Mud (2012), Midnight Special, et Loving (2016).', 0, 'Michael_Shannon.jpg'),
(34, 'Musker', 'John', '1953-11-08', 'John Musker est un réalisateur, animateur, scénariste et producteur américain né le 8 novembre 1953 à Chicago (Illinois).\r\n\r\nIl a réalisé plusieurs « Classique Disney » dont La Petite Sirène (1989) et Aladdin (1992), en collaboration avec Ron Clements.', 1, 'John_Musker.jpg'),
(35, 'Benson', 'Jodi', '1961-10-10', 'Jodi Benson est une actrice américaine née le 10 octobre 1961 à Rockford, Illinois (États-Unis). Elle est mondialement connue pour être la voix anglophone d\'Ariel dans La Petite Sirène.', 0, 'Jodi_Benson.jpg'),
(36, 'Barnes', 'Christopher Daniel', '1972-11-07', 'Christopher Daniel Barnes (né le 7 novembre 1972 à Portland, dans le Maine) est un acteur américain.', 0, 'Christopher_Daniel_Barnes.jpg'),
(37, 'Wright', 'Samuel E.', '1946-11-20', 'Samuel E. Wright est un acteur américain né le 20 novembre 1946 à Camden, Caroline du Sud (États-Unis).', 0, 'Wright_Samuel.jpg');
INSERT INTO `artists` (`id`, `firstname`, `lastname`, `birthday`, `biography`, `id_role`, `img`) VALUES
(38, 'Besson', 'Luc', '1959-03-18', 'Luc Besson est un réalisateur, producteur et scénariste français, né le 18 mars 1959 dans le 15e arrondissement de Paris.\r\n\r\nRévélé au cours des années 1980 par ses films Le Dernier Combat (1983) et Subway (1985), il s\'impose avec Le Grand Bleu (1988), triomphe au box-office. Bien qu\'il soit vu comme un réalisateur prometteur du cinéma français, l\'esthétique trop travaillée de ses films, au détriment de l\'histoire, lui vaut l\'inimitié de la critique. Avec l\'ouverture internationale que lui apporte Le Grand Bleu, il confirme avec de nouveaux films à succès : Nikita (1990), Léon (1994), Le Cinquième Élément (1997), Jeanne d\'Arc (1999).\r\n\r\nEn lançant sa société de production EuropaCorp en 2000, il tente de rivaliser avec les majors américaines, avec des films produits en France, crées par son écurie de réalisateurs et techniciens français, mais le plus souvent en langue anglaise, avec une vedette internationale étrangère en tête d\'affiche. Il produit plusieurs séries de films, fréquemment issues de ses idées, telles que Taxi, Taken, et Le Transporteur, ainsi que la trilogie Arthur et les Minimoys, qu\'il réalise, qui connaissent de larges succès commerciaux. Cinéaste déjà clivant, il est décrié pour la qualité de ses productions et réalisations. Il se dote également de ses propres studios, avec la Cité du cinéma.\r\n\r\nS\'il retrouve le succès international en tant que réalisateur, après plusieurs échecs, avec Lucy (2014), le plus gros succès d\'un film français dans le monde (certes non-francophone), la superproduction Valérian et la Cité des mille planètes (2017), plus gros budget du cinéma français, est un flop retentissant, qui met EuropaCorp en difficulté financière.\r\n\r\nIl est le lauréat d\'un César du meilleur réalisateur, décerné en 1998 pour Le Cinquième Élément.', 1, 'Besson_Luc.jpg'),
(39, 'Barr', 'Jean-Marc', '1960-09-27', 'Jean-Marc Barr, né le 27 septembre 1960 à Bitburg (Allemagne de l\'Ouest)1, est un acteur et réalisateur franco-américain.\r\n\r\nSon père est un militaire américain membre de l\'US Air Force stationné en République Fédérale d\'Allemagne. Sa mère est française. En 1980, Jean-Marc Barr quitte les États-Unis pour la France et étudie la philosophie à la Sorbonne, puis va étudier le théâtre à Londres. En 1986, de retour en France, il débute dans de petits rôles au théâtre, à la télévision et au cinéma. Mais il est révélé dans le film Le Grand Bleu, de Luc Besson, puis il marque un tournant dans sa carrière lors de la rencontre avec Lars von Trier. Il passe derrière la caméra en 1999 en réalisant Lovers selon les principes du Dogme95, suivi par trois autres longs métrages.\r\n\r\nOn a pu également le voir incarner le « Charmless Man » dans le clip de 1995 du groupe anglais Blur.\r\n\r\nEn 2002, il préside le jury du 37e Festival international du film de Karlovy Vary. Dix ans plus tard, il fait partie du jury du 34e Festival international du film de Moscou.', 0, 'Barr_Jean_Marc.jpg'),
(40, 'Reno', 'Jean', '1948-07-30', 'Juan Moreno y Herrera-Jiménez, dit Jean Reno1, né le 30 juillet 1948 à Casablanca (Maroc), est un acteur français d\'origine espagnole.\r\n\r\nDécouvert par Luc Besson qui lui permet d\'accéder à la célébrité en lui offrant des rôles principaux dans Le Grand Bleu (1988), Nikita (1990) et Léon (1994), il connaît également une grande popularité grâce à la comédie de Jean-Marie Poiré, Les Visiteurs (1993), et ses suites.\r\n\r\nIl est l\'un des rares acteurs français à faire une carrière importante aux États-Unis, tournant notamment dans French Kiss (1995) avec le tandem Meg Ryan / Kevin Kline, Mission impossible (1996) avec Tom Cruise, Godzilla (1998) avec Matthew Broderick, Ronin (1998) avec Robert De Niro, ou encore Da Vinci Code (2005) avec Tom Hanks.\r\n\r\nIl fut notamment nommé trois fois au César du meilleur acteur.', 0, 'Reno_Jean.jpg'),
(41, 'Arquette', 'Rosanna', '1959-08-10', 'Rosanna Arquette vit dans une communauté hippie jusqu\'à ses quinze ans, âge auquel elle acquiert son indépendance en rejoignant seule la Californie. C\'est là qu\'elle suivra ses premiers cours de théâtre.\r\n\r\nSa carrière commence deux ans plus tard par le biais du petit écran, dans divers téléfilms et séries qui la font peu à peu connaître du grand public, puis par deux courtes apparitions assez remarquées dans American Graffiti, la suite (1979) et S.O.B. (1981) de Blake Edwards.\r\n\r\nJohn Sayles lui offre son premier grand rôle dans la comédie dramatique Baby, It\'s You (1983), mais c\'est le face-à-face avec Madonna dans la comédie Recherche Susan désespérément (1985) qui l\'impose définitivement.\r\n\r\nLe réalisateur Martin Scorsese la qualifiera de meilleure comédienne de sa génération après lui avoir confié le rôle principal de After Hours en 1985. Il retrouvera d\'ailleurs l\'actrice quatre ans plus tard, en la confrontant à Nick Nolte dans New York Stories (1989). Son nom sur toutes les lèvres, et désormais icône aux États-Unis, Rosanna Arquette suit cependant son instinct et s\'exile huit mois en Europe pour tourner Le Grand Bleu (1988). Luc Besson choisit l\'actrice qui l\'avait fait craquer dans Recherche Susan désespérément, et fait d\'elle une star internationale.\r\n\r\nElle fait une apparition en 1989 dans le clip de Michael Jackson Liberian Girl.\r\n\r\nParadoxalement, la suite de sa carrière prend un virage inattendu : devenue très exigeante sur le choix de ses rôles, la comédienne privilégie le circuit indépendant et rejette désormais le système hollywoodien. Enchaînant petites productions et téléfilms, elle offre toutefois une composition mémorable de junkie dans Pulp Fiction (1994), ainsi qu\'une très sensuelle accidentée de la route dans le controversé Crash (1996) de David Cronenberg.\r\n\r\nElle passe à la réalisation de son premier long métrage, le documentaire Searching for Debra Winger (2002), sur les actrices et leur vie au sein du système hollywoodien.', 0, 'Arquette_Rosanna.jpg'),
(42, 'Cousteau', 'Jacques-Yves', '1910-06-11', 'Jacques-Yves Cousteau, né le 11 juin 1910 à Saint-André-de-Cubzac (Gironde) et mort le 25 juin 1997 à Paris, est un officier de la Marine nationale et explorateur océanographique français.\r\n\r\nSurnommé « le commandant Cousteau », « JYC » ou encore « le Pacha »n 1, il est connu pour avoir perfectionné avec Émile Gagnan le principe du scaphandre autonome avec l\'invention du détendeur portant leurs noms, pièce essentielle à la plongée sous-marine moderne.\r\n\r\nLes films et documentaires télévisés de ses explorations sous-marines en tant que commandant de la Calypso ont rencontré une large audience.', 1, 'Cousteau_Jacques_Yves.jpg'),
(43, 'Malle', 'Louis', '1932-10-30', 'Louis Malle, né le 30 octobre 1932 à Thumeries (Nord) et mort le 23 novembre 1995 à Beverly Hills (Californie, États-Unis), est un cinéaste français.', 1, 'Malle_Louis.jpg'),
(44, 'Spielberg', 'Steven', '1946-12-18', 'Steven Spielberg /ˈstiːvən ˈspiːlbɝɡ/2 est un réalisateur, scénariste et producteur de cinéma américain, né le 18 décembre 1946 à Cincinnati (Ohio).\r\n\r\nIssu de la deuxième génération du Nouvel Hollywood dans les années 1970, il réalise le premier blockbuster de l\'histoire du cinéma, Les Dents de la mer (1975). Il enchaîne ensuite les succès internationaux : E.T., l\'extra-terrestre (1982), la série Indiana Jones (1981-2008), Jurassic Park (1993), La Liste de Schindler (1993), Il faut sauver le soldat Ryan (1998), Ready Player One (2018), tout en développant ses activités de gestionnaire. Fondateur de la société de production Amblin Entertainment et cofondateur du studio DreamWorks SKG, il produit de nombreux films à grand succès (Poltergeist, Gremlins, Retour vers le futur, Qui veut la peau de Roger Rabbit, la trilogie Men in Black ou encore Transformers). Il a également financé et distribué des œuvres plus exigeantes ou moins grand public telles que Lettres d\'Iwo Jima de Clint Eastwood, American Beauty de Sam Mendes et Hollywood Ending de Woody Allen.\r\n\r\nSurnommé « The Entertainment King » (« le roi du divertissement »), Steven Spielberg est régulièrement cité comme le meilleur représentant de l\'industrie cinématographique hollywoodienne dont il a promu, sur le plan mondial, l\'efficacité technique, la science du grand spectacle et le pouvoir illusionniste. L\'ensemble de son œuvre présente un style à la fois personnel et accessible, et des thèmes récurrents. S\'il a parfois critiqué la systématisation des suites et des sagas cinématographiques dans le cinéma américain, en compagnie de son ami George Lucas, ces deux cinéastes restent considérés par bon nombre de critiques comme les initiateurs de ce système, en raison de leurs nombreux succès.\r\n\r\nIl a également créé la fondation Shoah Foundation Institute for Visual History and Education3, dont l\'objectif est de recueillir les témoignages de tous les survivants de la Shoah et de les diffuser aux plus jeunes, dans le but de participer au devoir de mémoire afin d\'éviter un nouveau génocide.\r\n\r\nIl est chevalier dans l\'ordre de l\'Empire britannique (KBE) depuis le 1er janvier 2001, la cérémonie ayant eu lieu le 29 janvier 2001 à l\'ambassade du Royaume-Uni à Washington4,5.\r\n\r\nSteven Spielberg a reçu deux Oscars du meilleur réalisateur (en 1994 et 1999) et un Oscar du meilleur film (en 1994). Il a par ailleurs présidé le jury du 5e Festival international du film fantastique d\'Avoriaz en 1977, et celui du 66e Festival de Cannes en 20136.', 1, 'Spielberg_Steven.jpg'),
(45, 'Scheider', 'Roy', '1932-11-10', 'Steven Spielberg /ˈstiːvən ˈspiːlbɝɡ/2 est un réalisateur, scénariste et producteur de cinéma américain, né le 18 décembre 1946 à Cincinnati (Ohio).\r\n\r\nIssu de la deuxième génération du Nouvel Hollywood dans les années 1970, il réalise le premier blockbuster de l\'histoire du cinéma, Les Dents de la mer (1975). Il enchaîne ensuite les succès internationaux : E.T., l\'extra-terrestre (1982), la série Indiana Jones (1981-2008), Jurassic Park (1993), La Liste de Schindler (1993), Il faut sauver le soldat Ryan (1998), Ready Player One (2018), tout en développant ses activités de gestionnaire. Fondateur de la société de production Amblin Entertainment et cofondateur du studio DreamWorks SKG, il produit de nombreux films à grand succès (Poltergeist, Gremlins, Retour vers le futur, Qui veut la peau de Roger Rabbit, la trilogie Men in Black ou encore Transformers). Il a également financé et distribué des œuvres plus exigeantes ou moins grand public telles que Lettres d\'Iwo Jima de Clint Eastwood, American Beauty de Sam Mendes et Hollywood Ending de Woody Allen.\r\n\r\nSurnommé « The Entertainment King » (« le roi du divertissement »), Steven Spielberg est régulièrement cité comme le meilleur représentant de l\'industrie cinématographique hollywoodienne dont il a promu, sur le plan mondial, l\'efficacité technique, la science du grand spectacle et le pouvoir illusionniste. L\'ensemble de son œuvre présente un style à la fois personnel et accessible, et des thèmes récurrents. S\'il a parfois critiqué la systématisation des suites et des sagas cinématographiques dans le cinéma américain, en compagnie de son ami George Lucas, ces deux cinéastes restent considérés par bon nombre de critiques comme les initiateurs de ce système, en raison de leurs nombreux succès.\r\n\r\nIl a également créé la fondation Shoah Foundation Institute for Visual History and Education3, dont l\'objectif est de recueillir les témoignages de tous les survivants de la Shoah et de les diffuser aux plus jeunes, dans le but de participer au devoir de mémoire afin d\'éviter un nouveau génocide.\r\n\r\nIl est chevalier dans l\'ordre de l\'Empire britannique (KBE) depuis le 1er janvier 2001, la cérémonie ayant eu lieu le 29 janvier 2001 à l\'ambassade du Royaume-Uni à Washington4,5.\r\n\r\nSteven Spielberg a reçu deux Oscars du meilleur réalisateur (en 1994 et 1999) et un Oscar du meilleur film (en 1994). Il a par ailleurs présidé le jury du 5e Festival international du film fantastique d\'Avoriaz en 1977, et celui du 66e Festival de Cannes en 20136.', 0, 'Scheider_Roy.jpg'),
(46, 'Shaw', 'Robert', '1927-08-09', 'Robert Shaw est un acteur, scénariste et écrivain britannique né le 9 août 1927 à Westhoughton, Lancashire (aujourd\'hui Grand Manchester, Angleterre), et mort le 28 août 1978 à Toormakeady (en), comté de Mayo (Irlande).\r\n\r\nRobert Shaw est notamment connu du grand public pour son rôle de Quint (le chasseur de requins) dans le film Les Dents de la mer (1975) de Steven Spielberg. Il incarne aussi une inoubliable galerie de « méchants » du cinéma américain : le tueur blond et froid dans Bons baisers de Russie (1963) opposé à James Bond, le gangster cynique de L\'Arnaque (1973), le fanatique colonel nazi dans La Bataille des Ardennes (1965) et, peut-être son rôle le plus complexe, le troublant Monsieur Bleu, tueur et preneur d\'otages raffiné dans Les Pirates du métro (1974).', 0, 'Shaw_Robert.jpg'),
(47, 'Dreyfuss', 'Richard', '1947-10-29', 'Richard Dreyfuss (crédité au début de sa carrière sous son nom de naissance Richard Stephen Dreyfuss), né le 29 octobre 1947 à New York dans l\'État de New York, est un acteur américain.\r\n\r\nIl est notamment connu pour ses rôles principaux dans Les Dents de la mer et Rencontres du troisième type, deux films réalisés par Steven Spielberg, mais il est également apparu dans de multiples autres films, téléfilms et pièces de théâtre. Il a reçu de nombreux prix dont un Golden Globe Award, un BAFTA Award ainsi que l\'Oscar du meilleur acteur en 1978, à seulement trente ans, pour son rôle dans Adieu, je reste.\r\n\r\nSa période d\'or se situe entre 1973 et 1987. Après cette date, sa carrière sera plus discrète, surtout après le demi-échec en 1989 du film Always, également réalisé par Spielberg.', 0, 'Dreyfuss_Richard.jpg'),
(48, 'Bostwick', 'Barry', '1945-02-24', 'Barry Bostwick est né à San Mateo, en Californie. Il est le fils de Berry et Henry « Bud » Bostwick, Jr, lui aussi acteur. Son seul frère, Henry « Pete » Bostwick, a été tué dans un accident de voiture le 20 juin 1973. Barry Bostwick a suivi des études d\'art dramatique à l\'université de San Diego en 1967. Et commença « à brûler les planches » au Hillbarn Theater aujourd\'hui localisé à Foster City. Il travailla également comme artiste de cirque. Il commença sa carrière en faisant un remplacement dans le show Salvation. En 1972, il créa le rôle de Danny Zuko dans la production scénique de Grease et obtient un Tony Award pour cette performance.\r\n\r\nEn 1975, il joue avec Tim Curry et Susan Sarandon dans le Rocky Horror Picture Show, dans lequel il incarne le héros, Brad Major. C\'est sûrement le rôle qui marqua le plus sa carrière. Il obtient un second Tony Award pour sa performance dans la comédie musicale The Robber Bridegroom (en), d\'après un roman de Eudora Welty. Il participe à de nombreux films et téléfilms dans les années 1980, dont Megaforce1.\r\n\r\nSes apparitions récentes se font plutôt à la télévision avec un rôle de 1996 à 2002 dans la série Spin City, où il donne la réplique à Michael J. Fox.\r\n\r\nIl a également fait de nombreuses apparitions dans différentes séries dont Drôles de dames et Ugly Betty. Il joue un rôle important dans un épisode de Cold Case consacré au Rocky Horror Picture Show. Dans la saison 3 de Scrubs, il joue un patient atteint d\'un cancer de la prostate, cancer qu\'il a lui-même vaincu quelque temps auparavant.\r\n\r\nEn 2010, il apparaît aux côtés de Meat Loaf en guest star dans l\'épisode de Glee consacré au Rocky Horror Picture Show.', 0, 'Bostwick_Barry.jpg'),
(49, 'O\'Connor', 'Renée', '1971-02-15', 'Renée O\'Connor est née à Houston, Texas, de Walter et Sandra O\'Connor (maintenant Wilson) et a grandi à Katy, une banlieue de Houston. À 12 ans, elle commence à étudier la comédie au Alley Huston Théâtre, plus tard elle ira au Lycée de l\'art visuel et du spectacle de Houston. Elle fut aussi élève au Lycée James E. Taylor où elle obtiendra son diplôme. Renée O\'Connor a un frère plus âgé, Chris.\r\n\r\nEvelyn Renée O’Connor naît de Sandra et Walter O\'Connor le 15 février 1971 à Houston (Texas), et grandit avec son grand-frère Chris dans la banlieue de Katy. Elle tombe sous le charme de l’art dramatique après avoir interprété son premier rôle mineur au théâtre à huit ans et entre plus tard au High School for the Performing and Visual Arts, bien qu\'elle obtienne son diplôme au Taylor High Scool. A l’âge de 16 ans elle décroche un rôle dans une publicité pour McDonald\'s, puis pour un parc d’attraction et participe fréquemment dès 1989 à l’émission New Mickey Mouse Club sur Disney Channel. Elle est aussi professeure d’aérobic à Los Angeles où elle emménage à l’âge de 18 ans.\r\n\r\nAprès quelques petits rôles dans des séries telles que Match Point, Les Contes de la crypte ou encore New York Police Blues, elle se fait remarquer par Robert Tapert et Sam Raimi lors de son audition pour le rôle de Deianeira dans la série Hercule. Impressionnés par sa performance, ils lui proposent aussitôt un rôle dans le film Darkman 2. Elle auditionne par la suite pour le rôle de Gabrielle, pour la série Xena, la guerrière, qu’elle décroche haut la main en 1995. Elle s’installe donc à Auckland, en Nouvelle-Zélande.\r\n\r\nDurant le tournage de la série elle fréquente Steve Muir, un restaurateur Néo-Zélandais, qu’elle épouse le 14 octobre 2001. De cette union naît leur fils Miles, le 22 septembre 2001. Ils divorcent en 2005.\r\n\r\nAlors qu’elle interprète le rôle de Gabrielle, son intérêt pour la réalisation se fait sentir. Elle coréalise les épisodes Adventures in the Sin Trade (4x01 et 4x02) aux côtés de T.J. Scott. Elle se lance officiellement dans le domaine en réalisant seule les épisodes Deja Vu All Over Again (4x22) et Dangerous Prey (6x11). Après l’arrêt de la série, Renée O\'Connor revient s’installer à Los Angeles. Elle reste cependant très fidèle à la Nouvelle-Zélande où elle retourne fréquemment, ayant conservé sa maison devenue résidence secondaire.\r\n\r\nDurant l’été 2002 Renée revient à ses premières amours : le théâtre. Elle tient durant cinq semaines consécutives le rôle de Lady MacBeth dans la pièce de Shakespear MacBeth, produite par la troupe Shakespear by the Sea.\r\n\r\nLa même année elle concrétise son rêve en produisant son premier film Diamonds and Guns qui sort au printemps 2007, après plus de cinq ans de problèmes budgétaires. Il y apparaît Jed Sura, compagnon actuel de l\'actrice et père de la petite Iris, née le 19 mars 2006. À noter que Joseph LoDuca, qui avait également travaillé sur Xena, compose la musique du film.\r\n\r\nAlors qu’elle continue d’avancer dans son projet personnel, elle participe au court-métrage One Weekend a Month réalisé par Eric Escobar en 2004. Sa prestation remarquable, qui lui vaut le prix du jury du festival de Sundance, permet au réalisateur d’obtenir des fonds pour l’adapter au cinéma, mais il écarte Renée O’Connor dont il ne veut pas pour le premier rôle.\r\n\r\nPuis en novembre 2006, elle se rend quelques jours en Caroline du Nord pour le tournage de Ghost Town dans lequel elle incarne Little Jack. Le rôle était normalement destiné à un homme, mais l’un des acteurs et scénariste du film, D.J. Perry, présente une photo de ROC au réalisateur Dean Teaster, qui tombe sous le charme de cette charismatique et non moins talentueuse blonde. Il prend d’ailleurs conscience de l’ampleur de sa décision lors des premiers jours de tournage alors que des fans du monde entier le contactent pour l’encourager dans son choix.\r\n\r\nL\'année 2007 est riche en réalisations : elle interprète le rôle d’une psychiatre traitant des patients atteints de phobies diverses, telles que la peur du boogeyman dans Boogeyman 2 de Sam Raimi.\r\n\r\nGhost Town, pour sa part, est enfin prêt à la diffusion. Elle enfile la tenue de cowboy pour y interpréter le rôle de Little Jack. Durant l\'été 2007 toujours, elle part tourner en Bulgarie un téléfilm du nom de Genesis Code qui paraît sur la chaîne Syfy. Elle y interprète le rôle d\'Ava.\r\n\r\nAlors que 2008 marque la sortie officielle du DVD de Diamonds and Guns et Boogeyman 2, 2009 est une autre grande année pour Renée O\'Connor, puisque sort Words Unspoken, son second film. Elle ne se contente pas d\'y jouer, puisqu\'elle l\'a également écrit, produit et réalisé. Words Unspoken est un succès. Il remporte le prix du mérite à l\'Indiefest de Los Angeles, celui du meilleur court-métrage et du meilleur drame (mention spéciale) au West Hollywood International Film Festival et arrive semi-finaliste dans la catégorie court métrage du festival Moondance. Il vaut également à Renée O\'Connor le prix de la meilleure actrice, toujours au West Hollywood International Film Festival.\r\n\r\nEn plus d’être actrice et réalisatrice, Renée O\'Connor est aussi une artiste. Elle peint fréquemment des toiles qu’elle met en vente sur eBay afin de récolter de l\'argent pour ses projets cinématographiques (Diamonds and Guns par exemple).\r\n\r\nMais Renée O\'Connor est avant tout une actrice passionnée et n\'a de cesse de revendiquer Gabrielle comme le rôle de sa carrière. Elle rend hommage à tous ses fans et à la communauté Xenite en participant chaque année à la convention de Xena, et ce depuis 1997, allant même jusqu’à Londres où un grand rassemblement a lieu.\r\n\r\nParallèlement, Renée O\'Connor se consacre à de nombreuses opérations caritatives et n’a pas peur de descendre dans la rue avec les pompiers et autres organismes pour récolter des fonds. Elle soutient aussi la communauté homosexuelle, étant devenue une icône lesbienne. En 1999 elle participe à la Gay Pride en Nouvelle-Zélande, partageant un char avec son amie Lucy Lawless.\r\n\r\nRenée O\'Connor adore le sport et pratique beaucoup d’activités telles que le Kick Boxing, le roller, l’équitation et l’escalade. Elle réalise notamment l’ascension du Kilimandjaro en 1998 aux côtés de sa mère et obtient sa ceinture noire de Taekwondo.\r\n\r\nAvant d\'être actrice officielle, Renée O\'Connor a été professeur d\'aérobic.', 0, 'O\'Connor_Renée.jpg'),
(50, 'Stokes', 'Trey', '1960-04-11', 'Sinéaste et marionnetiste américain.', 1, 'Stokes_Trey.jpg'),
(51, 'Stanton', 'Andrew', '1965-12-03', 'Stanton vit à Rockport, Massachusetts. Il étudie l\'animation des personnages. Sa premiere animation est avec le studio \"Ralph Bakshi Productions\" où il travaille sur le projet de \" Mighty Mouse: Les Nouvelles Aventures\" en cooperation avec Jeff Pidgeon, Tom Minton, Eddie Fitzgerald, John Kricfalusi, et Jim Reardon.\r\n\r\nAndrew Stanton entre aux studios Pixar en janvier 1990 et en devient le 2e animateur (après John Lasseter). À partir de 1993 ,il participe à l’écriture du scénario, avec notamment Joss Whedon, de Toy Story, ainsi que l’écriture de l’histoire du film avec John Lasseter, Joe Ranft et Pete Docter. Ce film permet à Stanton de faire ses premiers pas en tant que scénariste, en commençant à se faire connaître auprès d’énormément de gens. Il continuera aux mêmes postes sur Toy Story 2, Toy Story 3 et Toy Story 4. Chacun de ces quatre films se sont inscris dans l’histoire de l’animation audiovisuelle et s’est aussi inscrit dans la culture et dans l’esprit des gens En plus de l’écriture du scénario et de l’histoire, il fait ses premiers pas dans la réalisation en tant que co-réalisateur sur 1001 pattes\r\n\r\nAprès avoir participé à l’écriture du scénario de Monstres et Cie (avec Daniel Gerson et Rhett Reese), il s’attaqua à son premier projet personnel : Le Monde de Nemo. Il est assisté de Lee Unkrich comme co-réalisateur et avec Bob Peterson et David Reynolds comme co-scénaristes.\r\n\r\nEn 2012 sort son premier long métrage en prises de vue réelles, John Carter, produit par les studios Disney. John Carter est un échec au box office.', 1, 'Stanton_Andrew.jpg'),
(52, 'Brooks', 'Albert', '1947-07-22', 'Son père, Harry Einstein, était connu sous le pseudonyme de Parkyarkarkus, un comédien en langue grecque qui se produisait dans une émission radio d\'Eddie Cantor. Albert grandit dans le milieu du show business sud-californien, fréquentant des fils de vedettes tels que Rob Reiner (fils de Carl Reiner) et Larry Bishop (fils de John Bishop). Son frère Bob baigne également dans ce milieu et deviendra plus tard célèbre avec le personnage de \"Super Dave Osborne\".\r\n\r\nAfin de se lancer dans le cinéma, Albert étudie à l\'université Carnegie Tech à Pittsburgh puis prend le nom de Brooks et se lance dans une carrière de comique. Ses sketchs émaillent régulièrement les émissions de variété et autres talk-shows de la fin des années 1960 et du début des années 1970. Son personnage, nerveux et égocentrique, influencera d\'autres comédiens tels que Steve Martin, Martin Mull et Andy Kaufman.\r\n\r\nAprès deux albums comiques à succès, il arrête ses spectacles pour se consacrer à la réalisation. Son premier film est un court métrage satirique, The Famous Comedians School (L\'école des comédiens célèbres), qui est diffusé sur la chaîne PBS et s\'avère être un précurseur du genre \"mocumentaire\" (documentaires de fiction). Puis il réalise 6 courts métrages pour la 1re saison du Saturday Night Live sur NBC en 1975, et apparaît dans son premier grand film, Taxi Driver (1976), sous la direction de Martin Scorsese qui l\'autorise à improviser face à sa partenaire Cybill Shepherd. Il fait également une brève apparition dans La Bidasse (1980) sous la direction de Goldie Hawn.\r\n\r\nBrooks réalise son premier long métrage, Real Life en 1979, inspiré du documentaire An American Family diffusé sur PBS. Il y filme de façon odieuse une famille banlieusarde qui cherche à obtenir non pas un Oscar, mais le Prix Nobel !\r\n\r\nDurant les années 1980 et 90, il coécrit (avec sa collaboratrice de longue date Monica Johnson), réalise et joue dans diverses comédies au succès mitigé, centrées sur son personnage névrosé et égocentrique. Dans Modern Romance (1981), il interprète un monteur de films, tentant désespérément de se réconcilier avec son ex-petite amie.\r\n\r\nSon meilleur film, pour beaucoup, est Lost in America (1985), l\'histoire d\'un couple qui abandonne sa vie aisée pour vivre dans une caravane, ne découvrant finalement que les désavantages de la pauvreté. Le film comporte plusieurs scènes de bravoure, dont celle où Brooks tente sans succès de négocier avec Garry Marshall, propriétaire d\'un casino de Las Vegas, ou encore la scène de \"l\'œuf du nid\".\r\n\r\nDans Rendez-vous au paradis (1991), il meurt et se retrouve dans une ville à mi-chemin entre le Paradis et la Terre, où il doit se justifier de ses sentiments humains et choisir son destin cosmique. Les critiques apprécient le thème original et l\'alchimie surprenante entre Brooks et Meryl Streep.\r\n\r\nDans Mother (1997), il joue le rôle d\'un écrivain dans la force de l\'âge qui cherche à se réconcilier avec sa mère (Debbie Reynolds). La Muse (1999) présente Brooks comme un scénariste sur le déclin qui fait appel à une authentique muse grecque (Sharon Stone) pour retrouver l\'inspiration.\r\n\r\nIl continue à jouer dans des films réalisés par d\'autres. Grâce au film de James L. Brooks, Broadcast News (1987), il est nommé à l\'Oscar du meilleur second rôle masculin. Il est également acclamé dans Hors d\'atteinte (1999) et My First Mister (2001), et il apparaît à plusieurs reprises (du moins, sa voix) dans Les Simpsons. Il fait également des doublages pour la voix du Tigre dans Docteur Dolittle ou Marin dans Le Monde de Nemo.\r\n\r\nLongtemps célibataire, il a des liaisons avec plusieurs vedettes telles que Linda Ronstadt et Kathryn Harrold. Il se marie finalement à l\'âge de 50 ans et devient papa un an plus tard.', 0, 'Brooks_Albert.jpg'),
(53, 'DeGeneres', 'Ellen', '1958-01-26', 'Ellen Lee DeGeneres [ˈɛlən dəˈd͡ʒɛnəɹəs]2, née le 26 janvier 1958 à Metairie (Louisiane), est une humoriste, animatrice de télévision et écrivaine américaine.', 0, 'DeGeneres_Ellen.jpg'),
(54, 'Gould', 'Alexander', '1994-05-04', 'Alexander Gould est né à Los Angeles en Californie, de l\'union de Tom et Valerie Gould. Élevé dans la croyance juive, il est un membre actif du Mouvement Massorti USY1. Gould a deux sœurs plus jeunes, Emma et Kelly qui sont actrices elles aussi.\r\n\r\nGould fait ses débuts d\'acteur à l\'âge de six ans et c\'est en devenant la voix de Nemo, personnage emblématique du film animé de Pixar Le Monde de Nemo qu\'il se fait connaître du public.\r\n\r\nÀ la télévision, Alexander a tenu durant plus de 8 ans le rôle de Shane Botwin dans la comédie dramatique Weeds. Il est également apparu dans de nombreuses séries télévisées en tant que guest star : Ally McBeal, Malcolm, New York, unité spéciale, Supernatural et Pushing Daisies.\r\n\r\nIl aurait dû reprendre le rôle de David Collins dans le remake du feuilleton Dark Shadows, mais son épisode pilote a été rejeté par le WB Television Network et n\'a jamais été diffusé.', 0, 'Alexander_Gould.jpg'),
(55, 'Perrin', 'Jacques', '1941-07-13', 'Issu du milieu du théâtre, cet enfant de la balle est le fils d\'Alexandre Simonet, régisseur à la Comédie-Française puis souffleur au TNP de Jean Vilar, et de la comédienne Marie Perrin4 (dont il adoptera le nom de famille comme nom de scène). Il est également le neveu de l\'acteur Antoine Balpêtré5. Dès quinze ans, il paraît à la scène puis entre avec une de ses sœurs Éva Simonet6 au Conservatoire d\'art dramatique dans la classe de Jean Yonnel, qu\'il quitte rapidement pour monter sur les planches7.\r\n\r\nSi, dès 1958, on l\'entrevoit sur une Vespa dans Les Tricheurs de Marcel Carné, il obtient son premier rôle important au cinéma dans La Fille à la valise de Valerio Zurlini (1960), puis enchaîne des rôles variés dans des films de Henri-Georges Clouzot (La Vérité en 1960), Mauro Bolognini (La Corruption en 1963), Costa-Gavras. Il joue des rôles de premier plan dans quatre films de Pierre Schoendoerffer : La 317e Section (1965), Le Crabe-tambour (1977), L\'Honneur d\'un capitaine (1982), et Là-haut, un roi au-dessus des nuages (2004). Il est aussi le partenaire principal de Catherine Deneuve dans Et Satan conduit de bal de Grisha Dabat et Roger Vadim (1962), comme dans deux films musicaux de Jacques Demy : Les Demoiselles de Rochefort (1967) et Peau d\'âne (1970).\r\n\r\nParallèlement, il fonde en 1968 sa propre société de production, Reggane Films, devenue par la suite Galatée Films. Il produit des films engagés comme ceux de Costa-Gavras, Z en 1968, État de siège en 1972, et Section spéciale en 19747. Jacques Perrin est également le producteur du premier film de Benoît Lamy, Home Sweet Home (1973), sur la révolte des pensionnaires d\'une maison de repos, dans lequel lui et Claude Jade interprètent le jeune couple principal.\r\n\r\nTout en continuant à jouer comme dans Cinema Paradiso en 1989, c\'est désormais à la production qu\'il se consacre : Microcosmos : Le Peuple de l\'herbe en 1995 qui lui vaut le César du meilleur producteur en 1997, Himalaya : L\'Enfance d\'un chef en 1999, Le Peuple migrateur en 2001, où il participe également à la réalisation.\r\n\r\nIl prête sa voix à de nombreux films et documentaires dont Diana, princesse du peuple.\r\n\r\nIl est officier dans la réserve citoyenne de la Marine nationale, avec le grade de Capitaine de frégate8. Il a été promu commandeur de l\'Ordre national de la Légion d\'honneur lors de la promotion du 25 mars 20162.\r\n\r\nEn 2011, il soutient officiellement le chef Raoni dans sa lutte contre le barrage de Belo Monte.\r\n\r\nLe 12 mars 2015, Jacques Perrin est nommé dans le corps des peintres officiels de la Marine (POM)9.\r\n\r\nLe 7 décembre 2016, il est élu membre de l\'Académie des Beaux-Arts de l\'Institut de France, dans la section VII : Créations artistiques dans le cinéma et l\'audiovisuel. Il est intronisé le 6 février 2019, au fauteuil 5 précédemment occupé par Francis Girod (1944-2006). Ce fauteuil était resté vacant pendant dix ans.', 1, 'Perrin_Jacques.jpg'),
(56, 'Verbinski', 'Gore', '1964-03-16', 'Gregor « Gore » Verbinski, né le 16 mars 1964, est un réalisateur, producteur et scénariste américain.', 1, 'Verbinski_Gore.jpg'),
(57, 'Depp', 'Johnny', '1963-06-09', 'Johnny Depp est un acteur, réalisateur, guitariste, chanteur, scénariste et producteur de cinéma américain, né le 9 juin 1963 à Owensboro (Kentucky).\r\n\r\nIl devient célèbre dans les années 1980 avec son rôle dans la série télévisée 21 Jump Street que lui offre le célèbre producteur Stephen J. Cannell et dans Les Griffes de la nuit. Il se consacre ensuite principalement à l\'interprétation de personnages originaux et excentriques tels qu\'Edward dans Edward aux mains d\'argent, Raoul Duke (alter ego de l\'écrivain Hunter S. Thompson) dans Las Vegas Parano, Ichabod Crane dans Sleepy Hollow, Capitaine Jack Sparrow dans la saga Pirates des Caraïbes, le Chapelier fou dans Alice au pays des merveilles et Barnabas Collins dans Dark Shadows. Il a également interprété des personnages réels comme Ed Wood dans le film du même nom, Joseph D. Pistone dans Donnie Brasco, George Jung dans Blow et John Dillinger dans Public Enemies. Il incarne également Tonto dans Lone Ranger, naissance d\'un héros et est choisi pour incarner le personnage de Gellert Grindelwald, mage noir de l\'univers de J. K. Rowling dans la saga des films Les Animaux fantastiques.\r\n\r\nD\'une manière générale, les personnages les plus atypiques qu\'il incarne sont aussi audacieux qu\'originaux et se démarquent du commun des mortels. Au début des années 1990, il a commencé à collaborer avec celui qui est devenu son réalisateur fétiche et son ami, Tim Burton, avec lequel il a tourné huit films.\r\n\r\nDe 1998 à 2012, il forme un couple iconique avec la chanteuse et actrice française Vanessa Paradis. De cette union naissent deux enfants : Lily-Rose, également actrice, et Jack.', 0, 'Depp_Johnny.jpg'),
(58, 'Bloom', 'Orlando', '1977-01-13', 'Orlando Bloom est un acteur britannique né le 13 janvier 1977 à Canterbury (Kent, Angleterre).\r\n\r\nRévélé au début des années 2000 pour ses rôles dans deux grandes séries cinématographiques à succès du cinéma hollywoodien, à savoir Le Seigneur des anneaux (2001-2003) et Pirates des Caraïbes (2003-2017), ses blockbusters suivants (Troie en 2004, Kingdom of Heaven en 2005 et Les Trois Mousquetaires en 2011) seront moins bien reçus par la critique2, tout comme ses projets plus classiques (Rencontres à Elizabethtown en 2005, Main Street en 2010, et la coproduction internationale Zulu en 2013).\r\n\r\nEn 2013, il accepte donc de revenir aux films qui l\'ont révélé en incarnant de nouveau l\'elfe Legolas dans la série de films Le Hobbit, puis en retrouvant son personnage de Will Turner pour Pirates of the Caribbean: Dead Men Tell No Tales en 2017.\r\n\r\nEn 2009, il est désigné ambassadeur de l\'UNICEF', 0, 'Bloom_Orlando.jpg'),
(59, 'Knightley', 'Keira', '1985-03-26', 'Keira Knightley [ˈkɪəɹə ˈnaɪtlɪ]1 est une actrice britannique, née le 26 mars 1985 à Teddington dans le Middlesex2.\r\n\r\nElle commence sa carrière très jeune et devient mondialement connue en 2003 grâce à ses seconds rôles dans les comédies dramatiques anglaises Joue-la comme Beckham et Love Actually, puis surtout le premier rôle féminin du blockbuster fantastique à succès Pirates des Caraïbes : La Malédiction du Black Pearl.\r\n\r\nSi l\'actrice multiplie ensuite les projets à Hollywood, notamment avec deux suites de Pirates des Caraïbes, elle s\'impose auprès de la critique en tête d\'affiche de films d\'époque3, dont trois sous la direction du réalisateur Joe Wright : Orgueil et Préjugés (2005), qui lui vaut sa première nomination à l\'Oscar de la meilleure actrice, Reviens-moi (2007), The Duchess (2008) de Saul Dibb, et Anna Karénine (2012).\r\n\r\nPar la suite, elle se fait remarquer dans des biopics : A Dangerous Method (2011), où elle incarne Sabina Spielrein, Imitation Game (2014), où son incarnation de Joan Clarke lui vaut une nomination à l\'Oscar de la meilleure actrice dans un second rôle, puis Colette (2018), où elle interprète cette fois le rôle-titre.\r\n\r\nEn juin 2018, elle est faite Officier de l\'Ordre de l\'Empire britannique par la reine Élisabeth II, aux côtés de Tom Hardy et Emma Thompson', 0, 'Knightley_Keira.jpg'),
(60, 'Nighy', 'Bill', '1949-12-12', 'William Francis Nighy, dit Bill Nighy (nom prononcé en anglais : [naɪ]), est un acteur britannique, né le 12 décembre 1949 à Caterham (Surrey).\r\n\r\nPrincipalement connu du grand public pour son rôle de Davy Jones dans la série de films Pirates des Caraïbes, qu\'il occupe dans Le Secret du coffre maudit (2006) et Jusqu\'au bout du monde (2007), il fait des apparitions dans Love Actually (2003), la série de films Underworld, ainsi que Good Morning England (2009) et Harry Potter et les Reliques de la Mort (2010). Nighy est également actif au théâtre et à la télévision.', 0, 'Nighy_Bill.jpg'),
(61, 'DiCaprio', 'Leonardo', '1974-11-11', 'Leonardo DiCaprio, né le 11 novembre 1974 à Los Angeles, est un acteur, scénariste et producteur de cinéma américain.\r\n\r\nGrandissant dans les quartiers populaires de Los Angeles tels que Los Feliz puis Hollywood, le jeune Leonardo DiCaprio prend comme modèle le fils de sa belle-mère Peggy Ann Saunders, Adam Farrar, qui commence dès l\'enfance une carrière d\'acteur. Il décide alors de se lancer lui aussi, encouragé par ses parents. Il montre rapidement un talent évident pour la comédie et se voit proposer des rôles à la télévision, puis au cinéma. Après avoir été choisi parmi de très nombreux candidats pour jouer face à son acteur préféré Robert De Niro dans Blessures secrètes en 1993, il se fait particulièrement remarquer la même année grâce à son film suivant, Gilbert Grape, où il incarne face à Johnny Depp un jeune garçon déficient intellectuel, rôle pour lequel il est nommé à l\'Oscar du meilleur acteur dans un second rôle à l\'âge de 19 ans.\r\n\r\nAprès plusieurs films dans le circuit indépendant, Leonardo DiCaprio est découvert en 1996 par le grand public dans l\'adaptation moderne et rock d’une pièce de Shakespeare : Roméo + Juliette. Un an plus tard, il devient une star planétaire en incarnant le héros romantique Jack Dawson dans Titanic, un des plus gros succès de l\'histoire du cinéma et l\'un des films les plus oscarisés avec 11 statuettes. Sa carrière prend alors un nouveau tournant dans les années 2000, durant lesquelles il travaille pour les plus grands réalisateurs et devient le nouvel acteur fétiche de Martin Scorsese — comme a pu l\'être Robert De Niro dans les années 1970-1990 — à l\'affiche de cinq de ses films : Gangs of New York, Aviator, Les Infiltrés, Shutter Island et Le Loup de Wall Street. Il remporte de nombreuses récompenses tout au long de sa carrière pour des films tels que Aviator, Blood Diamond, Arrête-moi si tu peux, J Edgar, Django Unchained ou encore Le Loup de Wall Street. Mais ce n\'est qu\'en février 2016, qu\'il remporte pour la première fois l\'Oscar du meilleur acteur, pour son interprétation de Hugh Glass dans The Revenant.\r\n\r\nParallèlement à ses métiers dans le cinéma, Leonardo DiCaprio est également connu pour son fort engagement en faveur de l\'écologie, notamment à travers la Fondation Leonardo DiCaprio. Il a lié ses deux activités en écrivant et produisant le film documentaire La Onzième heure, le dernier virage, sur le thème du réchauffement climatique.', 0, 'DiCaprio.jpg'),
(62, 'Winslet', 'Kate', '1975-10-05', 'Kate Winslet est une actrice britannique, née le 5 octobre 1975 à Reading en Angleterre2.\r\n\r\nÉlevée dans le Berkshire, elle étudie le théâtre dès l\'enfance et commence sa carrière d\'actrice à la télévision britannique en 1991.\r\n\r\nElle fait ses débuts au cinéma en 1994 dans Créatures célestes, film pour lequel elle reçoit son premier éloge notable de la part de la critique. Elle gagne ensuite en reconnaissance pour son interprétation dans Raison et Sentiments, et surtout Titanic. Ce dernier film lui valant une consécration mondiale à seulement 22 ans.\r\n\r\nDepuis 2000, les performances de Kate Winslet continuent à attirer des commentaires positifs de la part des critiques cinématographiques, l\'actrice étant nommée pour plusieurs prix en raison de ses prestations dans des films tels que Quills, la plume et le sang, Iris, Eternal Sunshine of the Spotless Mind, Neverland, Little Children, The Reader et Les Noces rebelles.\r\n\r\nElle tourne, entre autres, avec Peter Jackson, Ang Lee, Michael Winterbottom, Kenneth Branagh, James Cameron, Jane Campion, Alan Parker, Michel Gondry, Sam Mendes, Stephen Daldry, Steven Soderbergh, Roman Polanski, Peter Farrelly, Danny Boyle ou, plus récemment, Woody Allen et Wes Anderson.\r\n\r\nElle est la plus jeune actrice à cumuler six nominations pour les Oscars. Elle cumule un total de sept nominations, remportant l\'Oscar de la meilleure actrice pour son rôle dans le film The Reader, en février 2009.\r\n\r\nElle a été également récompensée, entre autres, aux Screen Actors Guild Awards, BAFTA, à l\'Hollywood Foreign Press Association, et nommée à deux reprises aux Emmy Awards pour ses rôles à la télévision, remportant l\'Emmy de la meilleure actrice dans une mini-série pour Mildred Pierce. En 2012, elle a remporté un César d\'honneur pour l\'ensemble de sa carrière', 0, 'Winslet_Kate.jpg'),
(63, 'Eubank', 'William', '1982-11-15', 'William Eubank nait le 15 novembre 1982 à Holyoke dans le comté de Hampden dans l’État du Massachusetts1. Son père, Carlyle Eubank II, est un consultant des beaux-arts et ancien appraiser (en) pour la société de vente aux enchères Christie\'s2. Sa mère, Patricia Reeder Eubank, est auteure et illustratrice de livres pour enfants3.\r\n\r\nIl grandit dans la vallée de Santa Ynez en Californie avec ses parents, sa grande sœur et ses deux petits frères4,5.\r\n\r\nIl grandit en étant très inspiré par son grand-père, ancien photographe de terrain pour l\'US Navy. William Eubank rejoint donc plus tard l\'Académie navale d\'Annapolis comme photographe1,6.\r\n\r\nComme les cinéastes Steven Spielberg et David Lynch, il a été membre des Boy Scouts of America où il a obtenu le grade d\'Eagle Scout7,8.\r\n\r\nIl commence sa carrière à 18 ans comme cadreur et opérateur-caméra. Il filme quelques combats de l\'Ultimate Fighting Championship9. Il fréquente ensuite l\'Université de Californie à Los Angeles où il étudie la cosmologie10. Après deux ans d\'études sans pouvoir assister au UCLA School of Theater, Film and Television, il s\'impatiente et décide de travailler chez Panavision à Woodland Hills comme technicien réparateur de caméras puis comme ingénieur de la vision.\r\n\r\nIl travaille durant huit ans chez Panavision11. Il représente à cinq reprises la société au festival du film de Sundance, où il conforte ses rêves de devenir réalisateur12. Son rôle chez Panavision est notamment de promouvoir la caméra numérique Panavision HD-900F (en) développée avec Sony dès 1997. Elle deviendra célèbre notamment grâce à son utilisation par George Lucas pour Star Wars, épisode II : L\'Attaque des clones (2002)6,13. Son travail chez Panavision l\'amène sur les plateaux de tournage de films comme Collatéral (2004) de Michael Mann et Superman Returns (2006) de Bryan Singer comme ingénieur de la vision11. Cette expérience et ces années passées chez Panavision constituent selon lui l\'école de cinéma qu\'il n\'a jamais pu faire14.\r\n\r\nEn 2007, il est approché par Tom DeLonge qui souhaite des vidéos et supports visuels pour son groupe de rock Angels and Airwaves. Il réalise plusieurs clips notamment celui de Surrender15,16. William Eubank commence à développer son premier long métrage, Space Time : L\'ultime Odyssée (Love), avec l\'aide des membres d\'Angels and Airwaves. Il s\'inspire de La Ligne rouge de Terrence Malick17. Il passe quatre ans à développer son film, où il office comme réalisateur, scénariste, chef décorateur ou encore directeur de la photographie. Il construit les décors de la station spatiale internationale et de la Guerre de Sécession dans l\'arrière-cour de la maison de ses parents18. Le film est présenté en avant-première au festival international du film de Santa Barbara 2011, puis dans d\'autres festivals comme le festival international du film d\'Athènes 2011 où William Eubank obtient le prix du meilleur réalisateur. Le film est par ailleurs diffusé dans 460 salles de cinéma pendant la tournée Love Live d\'Angels and Airwaves.\r\n\r\nAprès avoir officié comme directeur de la photographie pour plusieurs vidéofilms, il travaille comme réalisateur de la seconde équipe pour Broken City d\'Allen Hughes, qui sort en 2013.\r\n\r\nEn 2014, sort son second long métrage comme réalisateur, The Signal. Il signe le scénario avec l\'aide de David Frigerio (en) et de son frère Carlyle Eubank (en)19. En interview, il avoue avoir été inspiré pour ce film par le travail de Rod Serling, notamment La Quatrième Dimension12. Il cité également Stanley Kubrick et David Lynch comme influences, ainsi que les films Pi, Moon et Cube12. Pour le style visuel, il a eu pour modèles le western spaghetti, Man on Fire et Hanna20. Les acteurs sont choisis au Nouveau-Mexique via Skype. On retrouve également Brenton Thwaites, Olivia Cooke et Beau Knapp. Le film est présenté hors compétition au festival du film de Sundance 2014. Les critiques seront plutôt mitigées, malgré une tendance à louer les qualités visuels et esthétiques du film21.\r\n\r\nEn 2016, il collabore avec la 20th Century Fox et Chernin Entertainment pour un autre film de science-fiction, Underwater. Il bénéficie alors d\'un budget beaucoup plus conséquent que pour ses précédentes réalisations22. Il met en scène Kristen Stewart, Jessica Henwick, T. J. Miller et Vincent Cassel qui incarnent des survivants d\'une plateforme sous-marine. Le tournage débute en mars 2017 à La Nouvelle-Orléans. Cependant, la sortie est fortement repoussée par l\'acquisition de la 21st Century Fox par Disney en mars 201923. Il ne sort qu\'en janvier 2020.', 1, 'Eubank_William.jpg'),
(64, 'Stewart', 'Kristen', '1990-04-09', 'Kristen Stewart /ˈkɹɪstɛn ˈstʊəɹt/1, née le 9 avril 1990 à Los Angeles, est une actrice et réalisatrice américaine.\r\n\r\nRévélée dans le thriller Panic Room en 2002, elle connaît surtout une notoriété mondiale à la fin des années 2000 pour son interprétation de Bella Swan dans les adaptations cinématographiques de la série Twilight (2008-2012).\r\n\r\nDurant la décennie suivante, elle se consacre cependant à des rôles plus exigeants, privilégiant les films indépendants : le drame The Guard (2014), la comédie American Ultra (2015), la romance Equals (2015) ou encore comédie dramatique Café Society (2016) de Woody Allen.\r\n\r\nElle tourne à deux reprises avec le réalisateur français Olivier Assayas : Sils Maria (2014) et Personal Shopper (2016). Sa performance dans le premier film lui permet de devenir la première comédienne américaine à être nommée aux César et, à cette occasion, la première à en recevoir un (hors César d\'honneur), celui de la meilleure actrice dans un second rôle2,3.\r\n\r\nFin 2019, elle est désignée \"actrice de la décennie\" par la Hollywood Critics Association.', 0, 'Kristen_Stewart.jpg'),
(65, 'Cassel', 'Vincent', '1966-11-23', 'Vincent Crochon, dit Vincent Cassel, né le 23 novembre 1966 à Paris, est un acteur, réalisateur et producteur français.', 0, 'Cassel_Vincent.jpg'),
(66, 'Miller', 'T.J', '1981-06-04', 'T.J Miller (né Todd Joseph Miller) est né le 4 juin 1981 à Denver, Colorado. Sa mère, Leslie Miller, est psychologue et a des origines allemandes-juives, autrichiennes-juives et russe-juive. Son père, Kent Miller, est avocat à Chanute, Kansas, il a des origines anglaises, écossaises, allemandes et suédoises. Il a un frère, Morgan.\r\n\r\nIl a étudié à Graland Country Day School et est diplomé de Denver\'s East High School. En 2003, il est diplomé en psychologie de l\'Université George Washington, situé à Washington, D.C. Il a également étudié à la Frichess Theatre Urbain, à Paris et à la British American Drama Academy, à Londres, où il a étudié Shakespeare pendant un été.', 0, 'Miller_TJ.jpg'),
(67, 'Clements', 'Ron', '1953-04-25', 'Ron Clements commence dès son adolescence à créer des films d\'animation en Super 8. Après avoir travaillé quelques mois comme animateur pour Hanna-Barbera Productions — aujourd\'hui Cartoon Network Studios —, il rentre chez Disney en 1974 et y fait son apprentissage aux côtés de Frank Thomas pendant deux ans. Il grimpe progressivement les échelons : animateur de personnages pour Les Aventures de Bernard et Bianca et Peter et Elliott le dragon (1977), superviseur de l\'animation pour Rox et Rouky (1981), coscénariste de Taram et le Chaudron magique (1985), il passe finalement à la mise en scène avec Basil, détective privé (1986)1.\r\n\r\nBasil, détective privé marque aussi sa première collaboration avec John Musker. Mais c\'est avec La Petite Sirène (1989), adapté du conte homonyme de Hans Christian Andersen, et Aladdin (1992), basé sur le conte Aladin ou la Lampe merveilleuse et le film Le Voleur de Bagdad (1940), que le duo connait un vif succès étrennant le Second Âge d\'or des studios.\r\n\r\nSi leur film suivant, Hercule (1997), inspiré de la mythologie grecque, est accueilli diversement, La Planète au trésor, un nouvel univers (2002), adaptation mêlant animation traditionnelle et infographie dans un univers de science-fiction de L\'Île au trésor de Robert Louis Stevenson, est un échec commercial, entraînant la rupture de leur contrat. Clements est néanmoins de retour aux studios en mars 2006 pour réaliser — toujours avec John Musker, réintégré un an plus tard — La Princesse et la Grenouille (2009) qui marque un retour à une animation en 2D. Le film suivant du duo est sorti en 2016 : Vaiana : La Légende du bout du monde.', 1, 'Ron_Clements.jpg');
INSERT INTO `artists` (`id`, `firstname`, `lastname`, `birthday`, `biography`, `id_role`, `img`) VALUES
(68, 'Cravalho', 'Auli\'i', '2000-11-22', 'Auli\'i Cravalho (/ˈaʊliː.i krəˈvɑːlhoʊ/) est une actrice et une chanteuse américaine d\'origine hawaïenne, née le 22 novembre 2000 dans la région de Kohala (en), à Hawaï.\r\n\r\nElle s\'est fait connaître en interprétant la voix de Vaiana (appelée Moana en version originale) dans le film Vaiana : La Légende du bout du monde (2016), rôle qu\'elle a ensuite repris dans le court métrage Gone Fishing (2017) puis dans Ralph 2.0.', 0, 'Auli\'i_Cravalho.jpg'),
(69, 'Johnson', 'Dwayne', '1972-05-02', 'Dwayne Johnson [ˈdweɪn ˈd͡ʒɑnsən]n 1, également connu sous le nom de ring The Rockn 2, est un acteur, catcheur (lutteur professionnel) et producteur américano-canadien5, né le 2 mai 19726,4,2 à Hayward (Californie). Issu d\'une famille de lutteurs, il devient lui aussi catcheur. Il a été connu pour son travail à la World Wrestling Federation / Entertainment jusqu\'en 2004 puis est revenu à la compétition de février 2011 jusqu\'en avril 2013 et fait occasionnellement quelques apparitions.\r\n\r\nIl commence vers la fin des années 1990 une carrière d\'acteur et accède rapidement aux premiers rôles dans les années 2000, devenant une vedette de cinéma à part entière en étant l\'acteur principal de nombreux films d\'action puis l\'acteur le mieux payé au monde en 2016 et 2019 selon le magazine Forbes. Il fait aussi partie des cent personnes les plus influentes dans le monde selon le Time 100 de 2016 et 2019', 0, 'Dwayne_Johnson.jpg'),
(70, 'Scherzinger', 'Nicole', '1978-06-29', 'Nicole Prascovia Elikolani Valiente Scherzinger, née le 29 juin 1978, est une chanteuse, danseuse, parolière et actrice américaine d\'origine hawaïenne (Honolulu).\r\n\r\nElle débute et se fait remarquer suite à sa participation au télé-crochet musical Popstars mais c\'est grâce au girl groupe The Pussycat Dolls qu\'elle acquiert à la notoriété. Elle a sorti trois albums solo : Her Name Is Nicole (2006), Killer Love (2011) et Big Fat Lies (2014).\r\n\r\nElle entame, parallèlement, une carrière à la télévision.\r\n\r\nElle est notamment juge de divers télé crochet tels que The Sing-Off et The Masked Singer. Depuis 2011, elle intervient, de manière régulière, en tant que juge de l\'émission The X Factor.\r\n\r\nElle remporte la saison 10 de Dancing with the Stars (2010) avec son partenaire Derek Hough. Sa performance dans la comédie musicale Cats (2015) lui vaut une nomination pour un Laurence Olivier Awards et deux ans plus tard, elle est à l\'affiche du téléfilm Dirty Dancing (2017), un remake du film d\'Emile Ardolino (1987).', 0, 'Nicole_Scherzinger.jpg'),
(71, 'Twohy', 'David', '1955-10-18', 'On lui doit le script du Fugitif avec Harrison Ford, de Waterworld avec Kevin Costner et de À armes égales avec Demi Moore. Il s\'est fait connaître en réalisant un film de science-fiction méconnu, The Arrival, avec Charlie Sheen, puis il a connu un premier succès avec Pitch Black (2000), un autre film de science-fiction interprété par Vin Diesel. Il a collaboré avec ce même acteur pour une suite plus ambitieuse, Les Chroniques de Riddick (2004) et a fait le troisième volet Riddick (2013) avec un budget de 38 millions de dollars seulement', 1, 'Twohy_David.jpg'),
(72, 'Costner', 'Kevin', '1955-01-18', 'Kevin Costner est un acteur, réalisateur, chanteur et producteur de cinéma américain né le 18 janvier 1955 à Lynwood, en Californie (États-Unis).\r\n\r\nIl devient célèbre grâce au film policier Les Incorruptibles (1987). Il connait la consécration en 1990 avec le western Danse avec les loups, qui lui vaut l\'Oscar du meilleur réalisateur et l\'Oscar du meilleur film. Son succès continue avec le film Bodyguard (1992), qui devient l\'un des films les plus marquants de sa carrière.\r\n\r\nIl mène depuis quelques années une carrière musicale avec son groupe Kevin Costner and Modern West, qui l\'affilie directement avec le courant americana, quelque part entre Tom Petty et John Mellencamp.', 0, 'Kevin_Costner.jpg'),
(73, 'Tripplehorn', 'Jeanne', '1963-06-10', 'Jeanne Tripplehorn est la fille du guitariste Tom Tripplehorn, qui fit partie un moment du groupe Gary Lewis & The Playboys1. Après avoir suivi des cours à l\'Université de Tulsa et à la Juilliard School de New York2, Jeanne Tripplehorn commence sa carrière comme présentatrice de télévision et de radio. En 1991, elle participe avec Lukas Haas au téléfilm The Perfect Tribute1.\r\n\r\nSon premier rôle au cinéma se fait dans le film Basic Instinct où elle joue auprès de Sharon Stone et Michael Douglas le rôle d\'une psychiatre. En 1993, elle participe au film La Firme où elle joue le rôle de la femme du personnage de Tom Cruise. En 1995, elle décroche le rôle féminin principal du film Waterworld auprès de Kevin Costner1.\r\n\r\nSa carrière au cinéma ralentit ensuite et les films où elle joue ne connaissent pas un aussi grand succès auprès du public mais elle participe à la comedie dramatique Pile et face aux côtés de Gwyneth Paltrow et la comédie grinçante Very Bad Things avec Christian Slater, Cameron Diaz et Jon Favreau. En 1999, elle participe à nouveau à un film du box-office (Mickey les yeux bleus) où elle joue le rôle de la petite amie de Hugh Grant. En 2000, elle joue une gangster lesbienne dans le film Timecode1. Dans le film À la dérive (2002), elle tient le rôle de la meilleure amie du personnage de Madonna. En 2008, Jeanne Tripplehorn endosse le rôle de Jacqueline Kennedy-Onassis avec qui elle partage une petite ressemblance physique.\r\n\r\nA partir de 2006, la télévision lui offre de nouveaux succès puisque jusqu\'en 2011, elle partage la vedette avec Bill Paxton de la série Big Love sur HBO. Et en 2012, elle incarne l\'agent spéciale Alex Blake dans la série Esprits Criminels pour les saisons 8 et 9. Elle est remplacée par l\'actrice Jennifer Love Hewitt.\r\n\r\nElle participe en 2018 au casting de Gloria, porté par Julianne Moore et John Turturro .', 0, 'Tripplehorn_Jeanne.jpg'),
(74, 'Hopper', 'Denis', '1936-05-17', 'Dennis Hopper /ˈdɛnɪs ˈhɑpɚ/1 est un acteur, réalisateur, poète, peintre et photographe américain, né le 17 mai 1936 à Dodge City (Kansas) et mort le 29 mai 2010 à Los Angeles2.\r\n\r\nAyant fait ses débuts aux côtés de James Dean, il est le réalisateur et l\'un des acteurs principaux, avec Peter Fonda, de Easy Rider, symbole culturel de l\'Amérique hippie, qui reçut le Prix de la Première œuvre au Festival de Cannes 19693 et devint rapidement un film culte4.\r\n\r\nIl est également connu pour ses rôles dans Apocalypse Now et Rusty James de Francis Ford Coppola, L\'Ami américain de Wim Wenders ou encore dans Blue Velvet de David Lynch.', 0, 'Hopper_Denis.jpg'),
(75, 'Majorino', 'Tina', '1935-02-07', 'Harmony Olivia Tina Majorino est née le 7 février 1985.\r\n\r\nDurant son enfance, elle commence sa carrière dans des spots publicitaires. Elle exerce également le chant et joue du piano.\r\n\r\nEn 1994, elle apparaît dans les films When a Man loves a Woman, André, mon meilleur copain et Corrina, Corrina. En 1995 elle tient à l\'âge de 10 ans l\'un des rôles principaux dans le film Waterworld, celui d\'Enola, l\'enfant au tatouage mystérieux.\r\n\r\nEn 2004, elle tient le premier rôle de l\'épisode FBI : Portés disparus (Without a Trace) avant d\'apparaître dans Napoleon Dynamite.\r\n\r\nEn 2005, elle joue dans Testing Bob mais la série n\'ayant pas le succès attendu, elle n\'est pas reprogrammée pour l\'année suivante.\r\n\r\nEn 2006, les producteurs de Veronica Mars lui annoncent que son rôle de Mac sera un personnage régulier dans la série.\r\n\r\nEn 2011, elle apparaît dans le clip F**kin\' perfect de la chanteuse P!nk.\r\n\r\nEn 2012, elle décroche le rôle d\'Heather Brooks, la nouvelle interne dans la saison 9 de la série Grey\'s Anatomy1.', 0, 'Tina_majorino.jpg');

-- --------------------------------------------------------

--
-- Structure de la table `artist_role`
--

DROP TABLE IF EXISTS `artist_role`;
CREATE TABLE IF NOT EXISTS `artist_role` (
  `id` int(11) NOT NULL AUTO_INCREMENT,
  `id_role` int(11) NOT NULL,
  `id_artist` int(11) NOT NULL,
  PRIMARY KEY (`id`)
) ENGINE=MyISAM AUTO_INCREMENT=22 DEFAULT CHARSET=utf8mb4 COLLATE=utf8mb4_unicode_ci;

--
-- Déchargement des données de la table `artist_role`
--

INSERT INTO `artist_role` (`id`, `id_role`, `id_artist`) VALUES
(1, 1, 8),
(2, 1, 7),
(3, 1, 9),
(4, 1, 13),
(5, 1, 18),
(6, 1, 22),
(7, 1, 26),
(8, 1, 30),
(10, 1, 34),
(11, 1, 38),
(12, 1, 42),
(13, 1, 43),
(14, 1, 44),
(15, 1, 50),
(16, 1, 51),
(17, 1, 55),
(18, 1, 56),
(19, 1, 63),
(20, 1, 67),
(21, 1, 71);

-- --------------------------------------------------------

--
-- Structure de la table `comment`
--

DROP TABLE IF EXISTS `comment`;
CREATE TABLE IF NOT EXISTS `comment` (
  `id` int(11) NOT NULL AUTO_INCREMENT,
  `id_user` int(11) NOT NULL,
  `id_movie` int(11) NOT NULL,
  `comment` text COLLATE utf8mb4_unicode_ci NOT NULL,
  `date_comment` date NOT NULL,
  PRIMARY KEY (`id`)
) ENGINE=MyISAM AUTO_INCREMENT=3 DEFAULT CHARSET=utf8mb4 COLLATE=utf8mb4_unicode_ci;

--
-- Déchargement des données de la table `comment`
--

INSERT INTO `comment` (`id`, `id_user`, `id_movie`, `comment`, `date_comment`) VALUES
(1, 1, 4, 'Bonjour', '2021-01-22'),
(2, 1, 4, 'Comment allez-vous ?', '2021-01-22');

-- --------------------------------------------------------

--
-- Structure de la table `film_role`
--

DROP TABLE IF EXISTS `film_role`;
CREATE TABLE IF NOT EXISTS `film_role` (
  `id` int(11) NOT NULL AUTO_INCREMENT,
  `id_film` int(11) NOT NULL,
  `id_role` int(11) NOT NULL,
  `id_artist` int(11) NOT NULL,
  PRIMARY KEY (`id`)
) ENGINE=MyISAM AUTO_INCREMENT=25 DEFAULT CHARSET=utf8mb4 COLLATE=utf8mb4_unicode_ci;

--
-- Déchargement des données de la table `film_role`
--

INSERT INTO `film_role` (`id`, `id_film`, `id_role`, `id_artist`) VALUES
(1, 1, 1, 8),
(2, 2, 1, 7),
(3, 3, 1, 9),
(4, 4, 1, 13),
(5, 5, 1, 18),
(6, 6, 1, 22),
(7, 7, 1, 26),
(8, 8, 1, 30),
(9, 9, 1, 34),
(10, 10, 1, 38),
(11, 11, 1, 42),
(12, 12, 1, 44),
(13, 13, 1, 50),
(14, 14, 1, 51),
(15, 15, 1, 55),
(16, 16, 1, 56),
(17, 17, 1, 9),
(18, 18, 1, 63),
(19, 19, 1, 67),
(20, 20, 1, 71),
(22, 9, 1, 67),
(23, 19, 1, 34),
(24, 11, 1, 43);

-- --------------------------------------------------------

--
-- Structure de la table `movies`
--

DROP TABLE IF EXISTS `movies`;
CREATE TABLE IF NOT EXISTS `movies` (
  `id` int(250) NOT NULL AUTO_INCREMENT,
  `title` varchar(250) COLLATE utf8mb4_unicode_ci NOT NULL,
  `gender` varchar(250) COLLATE utf8mb4_unicode_ci NOT NULL,
  `synopsis` varchar(1000) COLLATE utf8mb4_unicode_ci NOT NULL,
  `year` int(4) NOT NULL,
  `img` varchar(255) COLLATE utf8mb4_unicode_ci NOT NULL,
  PRIMARY KEY (`id`)
) ENGINE=MyISAM AUTO_INCREMENT=21 DEFAULT CHARSET=utf8mb4 COLLATE=utf8mb4_unicode_ci;

--
-- Déchargement des données de la table `movies`
--

INSERT INTO `movies` (`id`, `title`, `gender`, `synopsis`, `year`, `img`) VALUES
(1, '20 000 lieues sous les mers', 'Aventure', '1868. Depuis quelque temps, sur tous les océans du globe, les navires sombrent dans d\'étranges circonstances. Les rescapés de ces naufrages en attribuent la cause à un mystérieux monstre qui éperonne les vaisseaux. À San Francisco, le professeur Pierre Aronnax, accompagné de son domestique Conseil, de même que le harponneur Ned Land, embarquent à bord d\'une frégate affrétée par la marine américaine dans le but de traquer le monstre...', 1954, 'sea.jpg'),
(2, '47 Meters Down', 'Thriller', 'Deux sœurs en vacances au Mexique sont prises au piège dans une cage d’observation de requins, au fond de l’océan. Elles n’ont que quelques heures pour remonter à la surface.', 2017, '47.jpg'),
(3, 'Abyss', 'Science-fiction', 'Quand un sous-marin américain coule dans l\'Atlantique, une équipe de recherche et de récupération des États-Unis (les SEAL) travaille avec l\'équipage d\'une plate-forme pétrolière, faisant la course contre les navires soviétiques, pour retrouver le navire. Au fond de l\'océan, ils rencontrent une nouvelle et mystérieuse espèce.', 1989, 'abyss.jpg'),
(4, 'Aquaman', 'Super-héros', 'Arthur Curry, alias Aquaman, est un super-héros dont l\'univers de prédilection est le monde aquatique. Préférant vivre dans le monde des humains à la surface, les velléités bellicistes des Atlantes partisans de la guerre avec la Surface vont l\'amener à devenir le roi des océans', 2018, 'aquaman.jpg'),
(5, 'En Eaux troubles', 'Science-fiction', 'Jonas Taylor est un ancien capitaine de la Marine et un plongeur spécialisé dans les eaux profondes. Il est recruté pour plonger dans l\'océan Pacifique, pour sauver une équipe de scientifiques coincée dans l\'épave d\'un submersible attaqué et endommagé par un requin préhistorique de vingt mètres de long, connu sous le nom de Mégalodon. Engagé par un océanographe chinois, Taylor devra surmonter ses peurs et affronter une deuxième fois le prédateur qu\'il a auparavant rencontré lors d\'une expédition pour sauver des hommes et des femmes piégés dans les profondeurs de l\'océan.', 2018, 'trouble.jpg'),
(6, 'Gang de Requins', 'Film-animation', 'Oscar, modeste employé au LavO\'Baleine, rêve de gloire. Pour frayer avec le gratin, il profite d\'un malentendu : étant témoin de la mort d\'un requin blessé mortellement par une ancre, il se fait passer pour un valeureux tueur de squales grâce à l\'amitié d\'un requin végétarien : Lenny.\r\n\r\nMalheureusement, les autres requins, dévastés, vont vouloir se venger du tueur de squales, ce qui va mettre Oscar en danger…', 2004, 'gang_de_requins.jpg'),
(7, 'L’odyssée de Pi', 'Aventure-drame', 'Au Canada, l\'écrivain Yann Martel écoute les confessions d\'un Indien qui lui raconte l\'histoire extraordinaire qu\'il a vécue lorsqu\'il était adolescent. Cet homme se nomme Piscine Molitor Patel (d\'après la piscine Molitor) et est le fils du directeur d\'un parc zoologique à Pondichéry. Durant son enfance, Piscine, qui était le souffre-douleur de son école à cause de son prénom, a décidé de se présenter comme étant « Pi ». Sa famille, ne pouvant plus tenir le zoo, décide de déménager au Canada et de vendre leurs animaux. Pour ce faire, ils embarquent à bord d\'un cargo pour traverser l\'océan Pacifique, mais celui-ci fait naufrage. Pi se retrouve à la dérive dans l\'océan à bord d\'un canot de sauvetage accompagné de divers animaux dont un tigre du Bengale appelé Richard Parker. La hyène, agressive, tue le zèbre, puis l\'orang-outan. À son réveil, le tigre tue la hyène. Seul à bord avec Richard Parker, Pi va tout faire pour essayer de survivre et maintenir une bonne entente avec l\'animal.', 2012, 'pi.jpg'),
(8, 'La forme de l’eau', 'Fantastique', 'Modeste employée d’un laboratoire gouvernemental ultrasecret, Elisa mène une existence solitaire, d’autant plus isolée qu’elle est muette. Sa vie bascule à jamais lorsqu’elle et sa collègue Zelda découvrent une expérience encore plus secrète que les autres…', 2017, 'forme.jpg'),
(9, 'la petite sirène', 'Film-animation', 'Ariel, une jeune et belle sirène de seize ans, princesse du royaume d\'Atlantica, ne se satisfait pas de sa vie sous-marine et est fascinée par le monde des humains. Avec son meilleur ami Polochon, un poisson, elle collectionne des artéfacts venant de ce monde et va souvent à la surface rendre visite à Eurêka, un goéland qui, malgré ce qu\'il pense, connaît bien peu de choses sur la culture des humains. Elle ignore les avertissements de son père, le roi Triton, dirigeant d\'Atlantica, et de Sébastien, un crabe également conseiller du roi et chef d\'orchestre, qui lui disent que le contact entre les humains et le peuple de la mer est interdit...', 1989, 'sirene.jpg'),
(10, 'Le grand Bleu', 'Drame, romantique', 'Jacques Mayol et Enzo MolinariNote 1 se connaissent depuis l\'enfance, dans les années 1960. Ils ont grandi ensemble en Grèce et partagent depuis toujours leur passion pour la mer. Mais à la suite de l\'accident au cours d\'une plongée et du décès de son père, Jacques revient en France. Vingt ans ont passé, mais la rivalité entre les deux hommes existe toujours. Le championnat du monde d\'apnée No Limit à Taormina en Sicile à la fin des années 1980 est l\'occasion pour les deux hommes de se retrouver et d\'explorer un monde que personne ne connaît mieux qu\'eux...', 1988, 'grand.jpg'),
(11, 'Le monde du silence', 'Documentaire', 'Le film commence avec une voix off récitant le texte suivant : « À cinquante mètres de la surface, des hommes tournent un film. Munis de scaphandres autonomes à air comprimé, ils sont délivrés de la pesanteur. Ils évoluent librement. »\r\n\r\nSe déplaçant à bord de la Calypso, l\'équipe de plongeurs tourna pendant des centaines d\'heures dans la Mer Méditerranée, le Golfe Persique, la Mer Rouge et l\'Océan Indien. Ils visitent notamment l\'épave du SS Thistlegorm1.', 1956, 'monde.jpg'),
(12, 'Les dents de la mer', 'Horreur', 'Pendant l\'été du 1er juillet 1974, sur l\'île d\'Amity, un groupe d\'étudiants fait la fête sur la plage. Une jeune femme s\'éloigne du groupe pour un bain de minuit alors que son flirt s\'endort sur la plage, ivre. Après quelques brasses, la jeune femme est attaquée par une force mystérieuse, elle tente de résister mais est happée et disparaît dans l\'eau en poussant des cris de terreur. Quelques secondes après, la mer retrouve son calme nocturne. Personne ne sait ce qui vient de se dérouler...', 1975, 'mer.jpg'),
(13, '2010: Moby Dick ', 'Science-fiction', 'Dans les années soixante, le sous-marinier Ahab et son équipage se font attaquer par une baleine préhistorique. Quarante ans plus tard, Ahab n\'a pas oublié. Aveuglé par la vengeance, il vole un sous-marin nucléaire et oblige une biologiste à l’aider dans sa périlleuse mission: tuer Moby Dick.', 2010, 'moby.jpg'),
(14, 'Le monde de Némo', 'Film-animation', 'Après la mort de sa compagne Corail et du reste de la couvée à la suite de l\'attaque d\'un barracuda, le poisson-clown Marin doit prendre soin de son fils unique, Nemo, handicapé par une nageoire atrophiée. Lors de son premier jour d\'école, Marin, inquiet, décide de le suivre à l\'occasion d\'une sortie scolaire. Afin de prouver sa valeur à ses copains, Nemo décide de nager jusqu\'à la surface pour toucher un mystérieux bateau. C\'est alors qu\'il se fait enlever par un plongeur...', 2003, 'nemo.jpg'),
(15, 'Océans', 'Documentaire', 'Ce documentaire filme l\'océan et les créatures marines. Il s\'interroge également sur l\'empreinte que l\'homme impose à la vie sauvage et invite à la protection des océans, face à la pêche abusive, à la pollution et au réchauffement climatique.', 2009, 'oceans.jpg'),
(16, 'Pirates des Caraïbes : Le Secret du coffre maudit', 'Fantastique', 'William Turner et Elizabeth Swann sont sur le point de se marier, lorsqu\'ils se font arrêter par Cutler Beckett, qui travaille pour la Compagnie britannique des Indes orientales. Ils ont en effet précédemment aidé le capitaine Jack Sparrow, un pirate, à échapper à la peine de mort. En échange de leur libération, William Turner accepte de partir comme émissaire à la recherche de Jack pour proposer un marché : l\'amnistie et une lettre de marque pour devenir corsaire en échange de sa boussole...', 2006, 'pirates.jpg'),
(17, 'Titanic', 'Catastrophe, romance', 'En septembre 1996, Brock Lovett est le coordinateur d\'une équipe qui fouille méticuleusement l\'épave du célèbre Titanic, paquebot géant réputé insubmersible qui connut pourtant un destin tragique. Lovett espère mettre la main sur le Cœur de l\'Océan, un collier de diamants unique à la valeur inestimable, porté par Louis XVI, dont la découverte lui apporterait la gloire (ce bijou, en réalité fictif, est inspiré du diamant bleu de la Couronne). Lors de sa sixième plongée en sous-marin, il remonte des profondeurs un coffre-fort dont il espère qu\'il contient le précieux objet. Mais il n\'y trouve que quelques vieux billets de banque et un dessin représentant une jeune fille nue portant le fameux bijou en pendentif...', 1997, 'titanic.jpg'),
(18, 'Underwater', 'Catastrophe horifique', 'Dans la fosse des Mariannes, endroit le plus profond de la croûte terrestre, la société Tian Industries emploie de nombreuses personnes dans des stations sous-marines. Après ce qui semble être un séisme, la station Kepler 822 est quasiment désintégrée. Norah Price, qui a donné l\'alerte, est parvenue à se réfugier dans une zone protégée. Seules quelques personnes ont survécu : l\'expérimenté capitaine W. Lucien, le déjanté Paul Abel, l\'étudiante en biologie marine Emily Haversham, son petit-ami ingénieur forage Liam Smith ainsi que le responsable système Rodrigo Nagenda. Piégés à plus de 10 000 mètres de profondeur, ils vont devoir survivre et tout tenter pour remonter à la surface. En plus de l\'eau, ils vont affronter de mystérieuses créatures.', 2020, 'underwater.jpg'),
(19, 'Vaiana : La légende du bout du monde', 'Film-animation', 'Les habitants de l\'île polynésienne de Motunui vénérent la déesse Te Fiti, qui aurait donné vie à l\'océan grâce à une pierre de jade, cœur de Te Fiti et source de son pouvoir. Maui, demi-dieu métamorphe du vent et de la mer, vole le cœur afin de donner aux humains le pouvoir de la création. Te Fiti se désintègre, et Maui est attaqué par une autre divinité en quête du cœur tant convoité : Te Kā, un démon volcanique. Dans la bataille, Maui est propulsé dans les airs, perdant son hameçon magique et le cœur, qui disparaissent au fond de l\'océan...', 2016, 'vaiana.jpg'),
(20, 'Waterworld', 'Action post-apocalyptique', 'Dans un avenir lointain, la Terre est totalement recouverte d\'eau à la suite du réchauffement climatique ayant causé la fonte des glaces. L\'humanité vit désormais sur des atolls artificiels. Cependant, une légende circule : celle de Dryland, qui serait l\'unique terre encore émergée. Un mutant mi humain et mi poisson, accompagné par une jeune femme et une petite fille, vont partir retrouver Dryland. Ils affrontent et se confrontent à des pirates sanguinaires, nommés les Smokers et dirigés par le Diacre.', 1995, 'waterworld.jpg');

-- --------------------------------------------------------

--
-- Structure de la table `role`
--

DROP TABLE IF EXISTS `role`;
CREATE TABLE IF NOT EXISTS `role` (
  `id` int(11) NOT NULL AUTO_INCREMENT,
  `function` varchar(30) COLLATE utf8mb4_unicode_ci NOT NULL,
  PRIMARY KEY (`id`)
) ENGINE=MyISAM AUTO_INCREMENT=3 DEFAULT CHARSET=utf8mb4 COLLATE=utf8mb4_unicode_ci;

--
-- Déchargement des données de la table `role`
--

INSERT INTO `role` (`id`, `function`) VALUES
(1, 'realisateur'),
(2, 'acteur / doubleur');

-- --------------------------------------------------------

--
-- Structure de la table `users`
--

DROP TABLE IF EXISTS `users`;
CREATE TABLE IF NOT EXISTS `users` (
  `id` int(11) NOT NULL AUTO_INCREMENT,
  `pseudo` varchar(255) COLLATE utf8mb4_unicode_ci NOT NULL,
  `email` varchar(255) COLLATE utf8mb4_unicode_ci NOT NULL,
  `password` varchar(255) COLLATE utf8mb4_unicode_ci NOT NULL,
  `confirmation_token` varchar(60) COLLATE utf8mb4_unicode_ci DEFAULT NULL,
  `confirmed_at` datetime DEFAULT NULL,
  `remember_token` varchar(255) COLLATE utf8mb4_unicode_ci DEFAULT NULL,
  PRIMARY KEY (`id`)
) ENGINE=MyISAM AUTO_INCREMENT=2 DEFAULT CHARSET=utf8mb4 COLLATE=utf8mb4_unicode_ci;

--
-- Déchargement des données de la table `users`
--

INSERT INTO `users` (`id`, `pseudo`, `email`, `password`, `confirmation_token`, `confirmed_at`, `remember_token`) VALUES
(1, 'Veylleurh', 'killian.minetto@gmail.com', '$2y$10$Tns4DMpEjTzwTg7YNHvnQe9tgKpxHJWrcEbax3GW9TQeREeqgNIR2', NULL, '2021-01-22 14:57:20', NULL);
COMMIT;

/*!40101 SET CHARACTER_SET_CLIENT=@OLD_CHARACTER_SET_CLIENT */;
/*!40101 SET CHARACTER_SET_RESULTS=@OLD_CHARACTER_SET_RESULTS */;
/*!40101 SET COLLATION_CONNECTION=@OLD_COLLATION_CONNECTION */;
